,state_dropout,Primary_Boys2012-13_dropout,Primary_Girls2012-13_dropout,Primary_Total2012-13_dropout,Upper Primary_Boys2012-13_dropout,Upper Primary_Girls2012-13_dropout,Upper Primary_Total2012-13_dropout,Secondary _Boys2012-13_dropout,Secondary _Girls2012-13_dropout,Secondary _Total2012-13_dropout,HrSecondary_Boys2012-13_dropout,HrSecondary_Girls2012-13_dropout,HrSecondary_Total2012-13_dropout,Primary_Boys2013-14_dropout,Primary_Girls2013-14_dropout,Primary_Total2013-14_dropout,Upper Primary_Boys2013-14_dropout,Upper Primary_Girls2013-14_dropout,Upper Primary_Total2013-14_dropout,Secondary _Boys2013-14_dropout,Secondary _Girls2013-14_dropout,Secondary _Total2013-14_dropout,HrSecondary_Boys2013-14_dropout,HrSecondary_Girls2013-14_dropout,HrSecondary_Total2013-14_dropout,Primary_Boys2014-15_dropout,Primary_Girls2014-15_dropout,Primary_Total2014-15_dropout,Upper Primary_Boys2014-15_dropout,Upper Primary_Girls2014-15_dropout,Upper Primary_Total2014-15_dropout,Secondary _Boys2014-15_dropout,Secondary _Girls2014-15_dropout,Secondary _Total2014-15_dropout,HrSecondary_Boys2014-15_dropout,HrSecondary_Girls2014-15_dropout,HrSecondary_Total2014-15_dropout,All Categories - Male2010-11_high_ed,All Categories - Female2010-11_high_ed,All Categories - Total2010-11_high_ed,SC - Male2010-11_high_ed,SC - Female2010-11_high_ed,SC - Total2010-11_high_ed,ST - Male2010-11_high_ed,ST - Female2010-11_high_ed,ST - Total2010-11_high_ed,All Categories - Male2011-12_high_ed,All Categories - Female2011-12_high_ed,All Categories - Total2011-12_high_ed,SC - Male2011-12_high_ed,SC - Female2011-12_high_ed,SC - Total2011-12_high_ed,ST - Male2011-12_high_ed,ST - Female2011-12_high_ed,ST - Total2011-12_high_ed,All Categories - Male2012-13_high_ed,All Categories - Female2012-13_high_ed,All Categories - Total2012-13_high_ed,SC - Male2012-13_high_ed,SC - Female2012-13_high_ed,SC - Total2012-13_high_ed,ST - Male2012-13_high_ed,ST - Female2012-13_high_ed,ST - Total2012-13_high_ed,All Categories - Male2013-14_high_ed,All Categories - Female2013-14_high_ed,All Categories - Total2013-14_high_ed,SC - Male2013-14_high_ed,SC - Female2013-14_high_ed,SC - Total2013-14_high_ed,ST - Male2013-14_high_ed,ST - Female2013-14_high_ed,ST - Total2013-14_high_ed,All Categories - Male2014-15_high_ed,All Categories - Female2014-15_high_ed,All Categories - Total2014-15_high_ed,SC - Male2014-15_high_ed,SC - Female2014-15_high_ed,SC - Total2014-15_high_ed,ST - Male2014-15_high_ed,ST - Female2014-15_high_ed,ST - Total2014-15_high_ed,All Categories - Male2015-16_high_ed,All Categories - Female2015-16_high_ed,All Categories - Total2015-16_high_ed,SC - Male2015-16_high_ed,SC - Female2015-16_high_ed,SC - Total2015-16_high_ed,ST - Male2015-16_high_ed,ST - Female2015-16_high_ed,ST - Total2015-16_high_ed,Primary_Boys2013-14_schools,Primary_Girls2013-14_schools,Primary_Total2013-14_schools,Upper_Primary_Boys2013-14_schools,Upper_Primary_Girls2013-14_schools,Upper_Primary_Total2013-14_schools,Secondary_Boys2013-14_schools,Secondary_Girls2013-14_schools,Secondary_Total2013-14_schools,Higher_Secondary_Boys2013-14_schools,Higher_Secondary_Girls2013-14_schools,Higher_Secondary_Total2013-14_schools,Primary_Boys2015-16_schools,Primary_Girls2015-16_schools,Primary_Total2015-16_schools,Upper_Primary_Boys2015-16_schools,Upper_Primary_Girls2015-16_schools,Upper_Primary_Total2015-16_schools,Secondary_Boys2015-16_schools,Secondary_Girls2015-16_schools,Secondary_Total2015-16_schools,Higher_Secondary_Boys2015-16_schools,Higher_Secondary_Girls2015-16_schools,Higher_Secondary_Total2015-16_schools,Primary_Boys2014-15_schools,Primary_Girls2014-15_schools,Primary_Total2014-15_schools,Upper_Primary_Boys2014-15_schools,Upper_Primary_Girls2014-15_schools,Upper_Primary_Total2014-15_schools,Secondary_Boys2014-15_schools,Secondary_Girls2014-15_schools,Secondary_Total2014-15_schools,Higher_Secondary_Boys2014-15_schools,Higher_Secondary_Girls2014-15_schools,Higher_Secondary_Total2014-15_schools,Category_literacy,Literacy rate (Persons) - Total - 2001_literacy,Literacy rate (Persons) - Total - 2011_literacy,Literacy rate (Persons) - Rural - 2001_literacy,Literacy rate (Persons) - Rural - 2011_literacy,Literacy rate (Persons) - Urban - 2001_literacy,Primary_Only2013-14_b_toilet,Primary_with_U_Primary2013-14_b_toilet,Primary_with_U_Primary_Sec_HrSec2013-14_b_toilet,U_Primary_Only2013-14_b_toilet,U_Primary_With_Sec_HrSec2013-14_b_toilet,Primary_with_U_Primary_Sec2013-14_b_toilet,U_Primary_With_Sec2013-14_b_toilet,Sec_Only2013-14_b_toilet,Sec_with_HrSec.2013-14_b_toilet,HrSec_Only2013-14_b_toilet,All Schools2013-14_b_toilet,Primary_Only2014-15_b_toilet,Primary_with_U_Primary2014-15_b_toilet,Primary_with_U_Primary_Sec_HrSec2014-15_b_toilet,U_Primary_Only2014-15_b_toilet,U_Primary_With_Sec_HrSec2014-15_b_toilet,Primary_with_U_Primary_Sec2014-15_b_toilet,U_Primary_With_Sec2014-15_b_toilet,Sec_Only2014-15_b_toilet,Sec_with_HrSec.2014-15_b_toilet,HrSec_Only2014-15_b_toilet,All Schools2014-15_b_toilet,Primary_Only2015-16_b_toilet,Primary_with_U_Primary2015-16_b_toilet,Primary_with_U_Primary_Sec_HrSec2015-16_b_toilet,U_Primary_Only2015-16_b_toilet,U_Primary_With_Sec_HrSec2015-16_b_toilet,Primary_with_U_Primary_Sec2015-16_b_toilet,U_Primary_With_Sec2015-16_b_toilet,Sec_Only2015-16_b_toilet,Sec_with_HrSec.2015-16_b_toilet,HrSec_Only2015-16_b_toilet,All Schools2015-16_b_toilet,Primary_Only2013-14_computers,Primary_with_U_Primary2013-14_computers,Primary_with_U_Primary_Sec_HrSec2013-14_computers,U_Primary_Only2013-14_computers,U_Primary_With_Sec_HrSec2013-14_computers,Primary_with_U_Primary_Sec2013-14_computers,U_Primary_With_Sec2013-14_computers,Sec_Only2013-14_computers,Sec_with_HrSec.2013-14_computers,HrSec_Only2013-14_computers,All Schools2013-14_computers,Primary_Only2014-15_computers,Primary_with_U_Primary2014-15_computers,Primary_with_U_Primary_Sec_HrSec2014-15_computers,U_Primary_Only2014-15_computers,U_Primary_With_Sec_HrSec2014-15_computers,Primary_with_U_Primary_Sec2014-15_computers,U_Primary_With_Sec2014-15_computers,Sec_Only2014-15_computers,Sec_with_HrSec.2014-15_computers,HrSec_Only2014-15_computers,All Schools2014-15_computers,Primary_Only2015-16_computers,Primary_with_U_Primary2015-16_computers,Primary_with_U_Primary_Sec_HrSec2015-16_computers,U_Primary_Only2015-16_computers,U_Primary_With_Sec_HrSec2015-16_computers,Primary_with_U_Primary_Sec2015-16_computers,U_Primary_With_Sec2015-16_computers,Sec_Only2015-16_computers,Sec_with_HrSec.2015-16_computers,HrSec_Only2015-16_computers,All Schools2015-16_computers,Primary_Only2013-14_water,Primary_with_U_Primary2013-14_water,Primary_with_U_Primary_Sec_HrSec2013-14_water,U_Primary_Only2013-14_water,U_Primary_With_Sec_HrSec2013-14_water,Primary_with_U_Primary_Sec2013-14_water,U_Primary_With_Sec2013-14_water,Sec_Only2013-14_water,Sec_with_HrSec.2013-14_water,HrSec_Only2013-14_water,All Schools2013-14_water,Primary_Only2014-15_water,Primary_with_U_Primary2014-15_water,Primary_with_U_Primary_Sec_HrSec2014-15_water,U_Primary_Only2014-15_water,U_Primary_With_Sec_HrSec2014-15_water,Primary_with_U_Primary_Sec2014-15_water,U_Primary_With_Sec2014-15_water,Sec_Only2014-15_water,Sec_with_HrSec.2014-15_water,HrSec_Only2014-15_water,All Schools2014-15_water,Primary_Only2015-16_water,Primary_with_U_Primary2015-16_water,Primary_with_U_Primary_Sec_HrSec2015-16_water,U_Primary_Only2015-16_water,U_Primary_With_Sec_HrSec2015-16_water,Primary_with_U_Primary_Sec2015-16_water,U_Primary_With_Sec2015-16_water,Sec_Only2015-16_water,Sec_with_HrSec.2015-16_water,HrSec_Only2015-16_water,All Schools2015-16_water,Primary_Only2013-14_electricity,Primary_with_U_Primary2013-14_electricity,Primary_with_U_Primary_Sec_HrSec2013-14_electricity,U_Primary_Only2013-14_electricity,U_Primary_With_Sec_HrSec2013-14_electricity,Primary_with_U_Primary_Sec2013-14_electricity,U_Primary_With_Sec2013-14_electricity,Sec_Only2013-14_electricity,Sec_with_HrSec.2013-14_electricity,HrSec_Only2013-14_electricity,All Schools2013-14_electricity,Primary_Only2014-15_electricity,Primary_with_U_Primary2014-15_electricity,Primary_with_U_Primary_Sec_HrSec2014-15_electricity,U_Primary_Only2014-15_electricity,U_Primary_With_Sec_HrSec2014-15_electricity,Primary_with_U_Primary_Sec2014-15_electricity,U_Primary_With_Sec2014-15_electricity,Sec_Only2014-15_electricity,Sec_with_HrSec.2014-15_electricity,HrSec_Only2014-15_electricity,All Schools2014-15_electricity,Primary_Only2015-16_electricity,Primary_with_U_Primary2015-16_electricity,Primary_with_U_Primary_Sec_HrSec2015-16_electricity,U_Primary_Only2015-16_electricity,U_Primary_With_Sec_HrSec2015-16_electricity,Primary_with_U_Primary_Sec2015-16_electricity,U_Primary_With_Sec2015-16_electricity,Sec_Only2015-16_electricity,Sec_with_HrSec.2015-16_electricity,HrSec_Only2015-16_electricity,All Schools2015-16_electricity,Primary_Only2013-14_g_toilet,Primary_with_U_Primary2013-14_g_toilet,Primary_with_U_Primary_Sec_HrSec2013-14_g_toilet,U_Primary_Only2013-14_g_toilet,U_Primary_With_Sec_HrSec2013-14_g_toilet,Primary_with_U_Primary_Sec2013-14_g_toilet,U_Primary_With_Sec2013-14_g_toilet,Sec_Only2013-14_g_toilet,Sec_with_HrSec.2013-14_g_toilet,HrSec_Only2013-14_g_toilet,All Schools2013-14_g_toilet,Primary_Only2014-15_g_toilet,Primary_with_U_Primary2014-15_g_toilet,Primary_with_U_Primary_Sec_HrSec2014-15_g_toilet,U_Primary_Only2014-15_g_toilet,U_Primary_With_Sec_HrSec2014-15_g_toilet,Primary_with_U_Primary_Sec2014-15_g_toilet,U_Primary_With_Sec2014-15_g_toilet,Sec_Only2014-15_g_toilet,Sec_with_HrSec.2014-15_g_toilet,HrSec_Only2014-15_g_toilet,All Schools2014-15_g_toilet,Primary_Only2015-16_g_toilet,Primary_with_U_Primary2015-16_g_toilet,Primary_with_U_Primary_Sec_HrSec2015-16_g_toilet,U_Primary_Only2015-16_g_toilet,U_Primary_With_Sec_HrSec2015-16_g_toilet,Primary_with_U_Primary_Sec2015-16_g_toilet,U_Primary_With_Sec2015-16_g_toilet,Sec_Only2015-16_g_toilet,Sec_with_HrSec.2015-16_g_toilet,HrSec_Only2015-16_g_toilet,All Schools2015-16_g_toilet
0,India,4.68,4.66,4.67,2.3,4.01,3.13,14.54,14.54,14.54,9.372075353218207,7.172357142857143,8.156794285714287,4.53,4.14,4.34,3.09,4.49,3.77,17.93,17.79,17.86,1.48,1.61,1.54,4.36,3.88,4.13,3.49,4.6,4.03,17.21,16.88,17.06,0.25,7.195759259259257,8.449009259259261,20.8,17.9,19.4,14.6,12.3,13.5,12.9,9.5,11.2,22.1,19.4,20.8,15.8,13.9,14.9,12.4,9.7,11.0,22.7,20.1,21.5,16.9,15.0,16.0,12.4,9.8,11.1,23.9,22.0,23.0,17.7,16.4,17.1,12.5,10.2,11.3,25.3,23.2,24.3,20.0,18.2,19.1,15.2,12.3,13.7,25.4,23.5,24.5,20.8,19.0,19.9,15.6,12.9,14.2,100.2,102.65,101.36,86.31,92.75,89.33,76.8,76.47,76.64,52.77,51.58,52.21,97.87,100.69,99.21,88.72,97.57,92.81,79.16,80.97,80.01,55.95,56.41,56.16,98.85,101.43,100.08,87.71,95.29,91.24,78.13,78.94,78.51,54.57,53.81,54.21,64.8,73.0,58.7,67.8,79.9,84.1,84.01,91.44,97.91,88.14,96.05,94.51,80.89,97.97,94.68,74.36,86.56,85.66,93.93,98.59,88.12,98.63,96.35,87.28,89.1,93.09,88.97,88.62,96.45,98.4,99.38,96.0,99.51,98.84,98.04,94.56,97.97,95.67,97.02,9.25,42.14,82.67,18.22,76.5,64.69,59.25,44.8,39.31,26.65,24.08,10.32,44.39,81.96,19.4,79.86,62.66,68.11,51.27,50.26,47.96,26.42,10.36,45.46,79.06,19.78,82.04,68.67,68.4,53.05,54.05,55.72,27.31,94.09,98.18,99.1,93.9,99.2,98.64,97.38,96.52,98.18,97.14,95.4,94.88,98.49,99.59,94.82,99.38,98.83,98.49,96.32,98.71,98.23,96.12,95.78,98.69,99.39,95.65,99.59,99.21,98.91,97.05,99.18,97.92,96.81,46.38,69.56,94.92,45.97,93.72,83.12,86.84,75.08,82.88,91.01,56.78,49.63,73.26,95.27,48.33,94.81,84.03,89.14,77.55,83.85,92.67,60.01,52.4,76.44,94.81,49.86,94.48,88.1,90.82,81.5,86.85,92.86,62.81,88.68,95.98,98.81,91.39,98.25,97.33,94.4,99.06,98.36,76.14,91.23,91.21,96.92,99.48,91.39,99.23,98.19,96.61,90.26,94.05,90.94,93.08,96.95,99.03,99.72,96.32,99.6,99.31,98.82,95.18,98.31,96.22,97.52
1,A & N Islands,0.83,0.51,0.68,5.126666666666666,1.09,1.23,5.57,5.55,5.56,17.66,10.15,14.14,1.35,1.06,1.21,4.675,1.54,0.51,8.36,5.98,7.2,18.94,12.2,15.87,0.47,0.55,0.51,1.44,1.95,1.69,11.47,8.16,9.87,21.05,12.21,16.93,9.6,13.4,11.4,7.8,5.675,6.8000000000000025,4.4,8.8,6.6,11.0,13.8,12.3,9.025,6.75,7.9499999999999975,4.6,10.0,7.2,17.8,22.7,20.2,10.45,7.774999999999999,9.15,4.2,10.8,7.4,24.1,27.1,25.6,11.275,8.55,9.975,7.2,10.6,8.9,21.9,24.6,23.2,12.55,9.6,11.1,8.6,11.4,10.0,22.3,24.7,23.5,13.8,10.525,12.175,11.0,13.6,12.3,95.88,91.97,93.93,94.7,88.98,91.83,102.89,97.36,100.16,105.4,96.61,101.28,91.13,86.76,88.93,86.35,81.97,84.14,89.07,84.28,86.69,72.92,76.4,74.62,92.91,88.94,90.92,90.57,84.71,87.62,95.59,90.13,92.88,98.65,92.51,95.65,81.3,86.6,78.7,84.5,86.6,90.1,91.58,97.37,100.0,82.815,100.0,100.0,80.015,91.46833333333332,100.0,90.55428571428571,94.52,100.0,100.0,100.0,100.0,100.0,100.0,84.1925,76.48333333333333,100.0,91.30333333333333,100.0,100.0,100.0,100.0,94.6025,100.0,100.0,92.5975,92.34,100.0,92.6975,100.0,30.4,73.68,89.74,12.8375,100.0,97.92,30.11,18.586666666666666,100.0,33.876666666666665,53.06,30.94,76.54,92.11,100.0,94.74,100.0,39.23,30.09,100.0,45.93000000000001,57.25,28.44,78.57,92.5,14.49,94.74,100.0,41.1675,31.41,100.0,49.345,57.0,98.17,98.68,100.0,96.5925,100.0,100.0,97.86,98.2875,100.0,98.17666666666666,98.69,99.55,98.77,100.0,100.0,100.0,100.0,98.1925,97.7,100.0,94.98666666666668,99.52,100.0,100.0,100.0,95.92,100.0,100.0,98.635,98.32666666666668,100.0,96.4375,100.0,82.42,96.05,100.0,27.34,100.0,100.0,59.8,62.5825,100.0,75.72,88.86,80.72,96.3,100.0,100.0,100.0,100.0,62.3675,52.99333333333334,100.0,77.82666666666667,88.89,82.11,97.62,100.0,46.1575,100.0,100.0,66.48500000000001,56.71,100.0,81.3975,90.1,89.74,97.37,100.0,88.3475,100.0,100.0,87.97,96.46833333333332,100.0,90.89,93.44,100.0,100.0,100.0,100.0,100.0,100.0,89.6125,87.19999999999996,100.0,92.14,100.0,100.0,100.0,100.0,91.955,100.0,100.0,95.4925,93.52333333333333,100.0,94.3075,100.0
2,Andhra Pradesh,3.3,3.05,3.18,3.21,3.51,3.36,12.21,13.25,12.72,2.66,5.82,0.35,4.31,4.39,4.35,3.46,4.12,3.78,11.95,13.37,12.65,12.65,10.85,11.79,6.57,6.89,6.72,5.09,5.32,5.2,15.81,15.6,15.71,3.912,3.015,2.222,32.1,24.4,28.4,29.8,21.9,25.9,31.5,16.8,23.8,33.3,26.4,29.9,28.2,22.9,25.6,29.5,19.2,24.2,31.0,23.6,27.3,24.8,19.8,22.3,25.9,17.0,21.2,35.0,26.7,30.8,23.9,22.5,23.2,23.0,18.2,20.5,35.2,27.3,31.2,28.9,22.7,25.8,28.1,20.1,23.9,34.7,26.9,30.8,28.6,22.4,25.5,27.4,19.8,23.4,96.62,96.87,96.74,82.81,84.38,83.57,73.76,76.77,75.2,59.83,60.83,60.3,84.88,84.05,84.48,81.12,81.56,81.33,74.63,76.48,75.51,58.28,62.27,60.16,88.31,88.11,88.21,79.34,79.61,79.47,71.46,73.42,72.4,51.27,52.03,51.63,60.5,67.0,54.5,60.4,76.1,80.1,53.03,62.58,82.05,45.45,64.11,76.24,60.63,59.26,85.71,73.44,56.88,57.91,76.51,96.0,75.0,93.33,91.43,77.99,80.65,60.0,86.54,65.34,99.58,99.88,98.96,100.0,100.0,99.53,99.91,100.0,100.0,100.0,99.69,12.73,42.72,86.99,45.45,17.07,68.18,73.23,60.0,33.33,19.32,29.57,10.29,44.15,88.46,50.0,62.22,68.38,76.59,70.97,66.67,41.6,28.06,11.47,44.81,89.47,50.0,72.41,69.92,77.08,65.22,75.0,61.43,30.59,86.89,94.53,99.66,90.91,87.26,98.84,96.02,97.5,100.0,97.52,90.35,91.85,96.07,100.0,100.0,90.0,99.56,97.48,100.0,100.0,98.37,93.74,93.89,97.02,100.0,100.0,91.95,99.66,98.13,100.0,100.0,98.53,95.37,87.66,93.57,99.32,100.0,67.48,96.19,96.15,97.5,100.0,91.27,90.34,91.08,94.7,100.0,100.0,86.11,97.6,97.11,93.55,83.33,93.21,92.76,91.65,95.62,100.0,100.0,90.23,97.09,97.58,91.3,100.0,95.8,93.5,76.16,89.46,97.2,81.82,68.68,90.68,92.09,85.19,71.43,75.47,81.31,97.79,98.81,100.0,100.0,99.44,99.57,99.03,96.77,100.0,94.73,98.07,99.6,99.89,100.0,100.0,100.0,99.92,99.92,100.0,100.0,100.0,99.72
3,Arunachal Pradesh,11.54,10.22,10.89,4.44,6.74,5.59,16.08,12.75,14.49,18.57,15.49,17.07,15.84,14.44,15.16,5.86,9.06,7.47,13.99,11.77,12.93,7.85,2.14,5.11,11.51,10.09,10.82,5.31,8.08,6.71,18.33,15.81,17.11,19.37,17.44,18.42,33.6,19.5,26.9,100.0,66.0,100.0,24.3,16.1,20.1,22.5,20.2,21.3,36.86666666666667,41.21666666666667,38.25,27.1,22.7,24.8,18.3,19.8,19.0,34.35,35.816666666666656,34.86666666666667,23.6,24.4,24.0,25.7,26.6,26.1,43.53333333333334,45.36666666666667,43.68333333333333,33.0,32.3,32.6,28.6,27.9,28.3,50.71666666666667,38.99999999999999,45.40000000000001,35.1,33.0,34.0,28.8,28.5,28.7,62.9,39.76666666666667,53.56666666666667,34.4,33.2,33.8,129.12,127.77,128.46,112.64,115.27,113.94,88.37,84.89,86.65,65.16,65.38,65.27,127.61,125.88,126.76,127.14,133.2,130.13,91.66,87.58,89.63,62.02,61.6,61.81,128.78,127.45,128.13,120.11,125.01,122.53,93.11,90.1,91.62,68.0,69.44,68.71,54.3,65.4,47.8,59.9,78.3,82.9,38.24,61.17,89.06,72.74,70.0,82.32,95.45,91.46833333333332,96.411,90.55428571428571,48.73,94.13,98.59,100.0,100.0,100.0,99.52,96.43,80.44,100.0,88.404,95.97,93.55,98.83,98.51,100.0,96.23,99.55,92.86,87.13199999999998,100.0,100.0,95.65,4.32,45.05,90.63,46.51,98.0,89.11,75.0,19.886,52.17,100.0,24.28,4.06,43.83,95.24,48.78,100.0,89.62,81.58,31.83,62.96,42.13399999999999,24.68,4.06,41.2,94.03,50.0,98.11,86.16,84.62,49.1,71.88,55.864,24.36,72.32,89.46,100.0,95.35,94.0,95.54,100.0,78.832,100.0,100.0,79.79,73.34,89.99,100.0,97.56,89.8,95.28,94.74,78.362,88.89,94.306,80.64,73.85,90.13,100.0,96.0,96.23,97.77,97.44,91.074,93.75,100.0,81.47,19.72,53.59,92.19,79.07,92.0,81.68,81.25,56.834,100.0,100.0,36.35,21.53,54.96,96.83,82.93,95.92,81.13,92.11,55.302,100.0,93.574,38.6,22.64,53.87,95.52,84.0,94.34,82.59,87.18,72.08800000000002,100.0,100.0,39.54,67.77,88.88,100.0,100.0,98.0,97.52,100.0,96.46833333333332,95.72111111111113,90.89,76.9,94.92,99.74,100.0,100.0,100.0,100.0,100.0,81.85600000000002,100.0,88.68799999999997,96.89,94.41,99.59,100.0,100.0,100.0,99.55,97.44,87.458,100.0,100.0,96.56
4,Assam,7.02,5.46,6.24,7.89,6.55,7.2,25.65,27.79,26.77,4.87,4.5,4.69,8.19,6.68,7.44,7.6,6.54,7.05,28.59,32.1,30.43,7.62,6.83,7.24,16.07,14.65,15.36,10.45,10.56,10.51,24.64,29.28,27.06,12.036,9.108,10.598,13.3,13.4,13.4,10.4,12.2,11.2,13.5,13.2,13.4,14.6,14.8,14.7,12.8,12.2,12.5,15.7,16.0,15.9,14.0,13.7,13.8,14.4,14.1,14.3,16.7,16.7,16.7,16.5,15.2,15.8,17.4,16.0,16.7,17.2,16.9,17.1,15.4,14.3,14.8,16.0,15.1,15.5,19.4,17.2,18.2,16.2,14.7,15.4,17.5,16.0,16.8,20.8,18.0,19.3,111.77,115.16,113.43,87.85,98.69,93.13,65.6,77.2,71.21,31.78,34.27,32.94,104.7,107.59,106.11,87.65,98.75,93.05,72.48,83.04,77.59,38.22,39.47,38.81,113.39,116.6,114.96,90.1,101.94,95.86,69.36,80.57,74.78,32.71,35.4,33.97,63.3,72.2,59.7,69.3,85.3,88.5,60.81,69.66,87.5,51.47,72.69,82.42,67.94,91.46833333333332,96.411,90.55428571428571,60.17,55.26,69.61,91.34,44.66,75.97,85.63,67.36,48.36,55.96,68.69,54.8,85.83,84.14,90.95,71.07,89.74,88.28,82.8,72.82,73.55,80.21,82.8,1.08,29.12,64.75,18.29,80.48,44.8,56.01,25.89,36.81,16.93,8.85,1.13,30.75,75.0,18.1,82.18,50.5,61.4,33.32,36.97,25.69,9.83,1.18,29.69,78.23,18.09,82.53,53.37,64.06,37.77,37.93,33.62,10.76,78.32,91.18,95.9,79.55,97.01,93.25,93.46,88.3,88.6,96.22,80.3,81.76,92.63,93.94,83.08,98.19,94.76,94.17,86.78,85.56,96.92,83.36,84.64,93.19,96.37,86.06,97.96,96.36,95.39,89.62,89.34,97.44,86.21,9.51,51.14,81.15,28.18,87.61,72.54,72.64,43.79,68.73,85.66,19.39,11.5,56.42,90.91,33.0,89.43,76.95,75.75,47.12,59.51,85.54,22.4,12.76,58.5,92.34,34.77,93.6,79.84,83.41,64.22,67.08,87.09,25.55,77.02,82.2,91.8,64.47,85.81,87.1,79.33,96.46833333333332,95.72111111111113,90.89,75.28,77.97,82.94,93.94,62.79,88.34,89.88,78.06,59.73,71.79,72.31,74.86,86.39,85.78,95.14,72.66,94.79,91.58,90.06,78.04,82.97,82.95,83.94
5,Bihar,4.675,4.19,4.4375,5.126666666666667,3.6775,3.9225,29.11,31.28,30.14,12.735,9.32,11.135000000000002,2.38,1.79,2.09,2.77,3.19,2.98,24.67,26.05,25.33,13.485,9.98,11.885,0.35,2.295,2.58,4.14,4.01,4.08,25.21,26.62,25.9,10.65,8.143333333333333,9.483333333333333,11.8,9.1,10.5,7.0,4.7,5.9,20.9,19.7,20.3,14.0,10.8,12.5,9.4,6.1,7.8,15.9,14.0,15.0,14.4,11.6,13.1,10.3,6.6,8.5,16.0,13.1,14.6,14.3,11.5,13.0,10.2,6.5,8.4,13.0,9.6,11.3,15.2,12.4,13.9,10.1,6.5,8.3,15.3,11.4,13.4,15.8,12.6,14.3,11.4,7.1,9.3,13.4,11.2,12.3,95.03,101.15,97.96,80.6,94.92,87.24,57.66,62.96,60.08,23.33,24.17,23.7,104.35,111.3,107.67,98.21,119.39,107.89,72.42,85.43,78.37,34.76,36.66,35.62,98.09,104.35,101.09,89.84,107.7,98.07,65.08,73.85,69.09,31.91,31.66,31.79,47.0,61.8,43.9,59.8,71.9,76.9,63.04,86.57,85.68,85.61,87.88,86.09,71.0,91.46833333333332,100.0,90.55428571428571,73.42,61.95,87.87,89.91,85.77,94.37,90.0,73.76,76.91,77.63,86.59,73.92,83.78,95.14,94.4,95.44,98.65,97.0,87.56,90.99,94.29,87.46,89.16,1.42,7.61,35.15,10.79,51.25,14.94,12.25,17.77,30.8,22.5,5.47,2.29,11.15,28.91,11.65,62.5,15.39,15.14,23.02,46.43,36.74,8.19,2.37,12.87,29.0,11.64,66.3,17.97,17.07,24.19,54.31,42.08,9.37,87.75,98.04,94.31,99.28,95.0,98.1,98.42,96.96,96.42,97.92,92.53,87.54,98.34,98.39,99.25,97.73,99.07,98.01,98.02,98.27,96.81,92.74,90.31,98.81,98.72,99.32,98.91,99.56,99.19,98.13,98.85,93.72,94.43,4.12,13.04,53.96,16.19,72.5,23.08,29.64,30.6,39.32,60.83,9.96,13.76,36.32,51.49,34.96,81.82,37.29,33.07,34.88,47.95,64.86,25.22,22.28,53.42,62.69,47.6,84.78,56.86,41.46,41.06,64.66,68.58,37.78,63.43,90.6,82.28,92.59,86.67,89.4,77.33,96.46833333333332,100.0,90.89,75.41,63.46,91.16,90.77,91.47,93.98,92.06,79.27,83.4,80.29,88.18,76.3,84.35,96.44,95.4,97.53,98.84,97.09,90.91,91.9,94.59,89.07,90.05
6,Chandigarh,3.741666666666666,3.398333333333333,3.578333333333333,2.1975,0.88,0.1,9.665,10.208333333333334,9.913333333333332,16.32,10.09,13.65,3.143333333333333,2.765,2.9616666666666664,0.72,1.55,1.08,10.397142857142855,9.768571428571429,10.098571428571429,13.24,8.49,11.28,4.8866666666666685,4.678333333333334,4.785,0.01,0.96,0.44,11.935714285714285,11.0,11.504285714285714,12.1,8.41,10.55,42.2,40.4,41.4,12.1,20.8,16.0,44.35,44.6,44.475,33.2,54.4,42.2,15.3,22.5,18.5,22.425,21.0,21.725,51.8,58.3,54.6,23.6,23.8,23.7,24.625,24.20000000000001,24.45,48.7,65.6,55.8,22.0,27.7,24.6,23.1,22.5,22.85,48.6,66.4,56.1,27.5,32.2,29.6,27.70000000000001,26.675,27.225,48.4,70.4,57.6,28.6,37.8,32.7,28.7,26.5,27.625,88.42,96.09,91.85,99.93,103.02,101.27,92.08,92.16,92.11,90.5,92.88,91.49,77.42,86.57,81.44,90.42,102.4,95.53,85.23,89.84,87.19,80.86,86.75,83.28,83.62,91.49,87.11,94.68,103.15,98.33,89.05,90.53,89.69,90.05,91.3,90.57,81.9,86.0,75.6,80.7,82.6,86.2,100.0,100.0,100.0,92.61142857142856,100.0,100.0,97.35714285714285,95.45,94.52,90.55428571428571,100.0,100.0,100.0,100.0,93.47285714285715,100.0,100.0,97.53428571428572,94.048,91.49428571428572,99.23857142857143,100.0,100.0,100.0,100.0,98.9,100.0,100.0,99.42285714285715,98.394,96.95,98.62714285714287,100.0,54.55,92.31,100.0,38.77285714285714,100.0,98.57,60.578571428571436,54.4,46.66833333333333,48.18400000000001,95.83,45.45,93.1,100.0,38.17714285714286,100.0,98.55,59.50142857142857,40.5825,61.707142857142856,59.17833333333334,95.43,50.0,93.1,100.0,37.35,100.0,95.71,63.17857142857143,40.944,66.2057142857143,71.78428571428572,94.53,100.0,100.0,100.0,97.68571428571428,100.0,100.0,98.62571428571428,94.488,97.81571428571428,94.21666666666664,100.0,100.0,100.0,100.0,97.54857142857144,100.0,100.0,98.64285714285714,93.676,95.82142857142857,92.85714285714286,100.0,100.0,100.0,100.0,98.15142857142857,100.0,100.0,99.05285714285715,96.588,97.46428571428572,91.83714285714287,100.0,100.0,100.0,100.0,79.64,100.0,100.0,87.15285714285713,74.586,90.69857142857144,92.82833333333332,100.0,100.0,100.0,100.0,80.21857142857142,100.0,100.0,88.75142857142859,77.78399999999998,89.42428571428572,91.42857142857143,100.0,100.0,100.0,100.0,81.5,100.0,100.0,90.22,78.65799999999999,92.90714285714284,85.71428571428571,100.0,100.0,100.0,100.0,95.20857142857143,100.0,100.0,99.00571428571428,96.36,97.26,90.89,100.0,100.0,100.0,100.0,95.18285714285715,100.0,100.0,99.00571428571428,93.77,94.44571428571429,98.28166666666664,100.0,100.0,100.0,100.0,99.22857142857143,100.0,100.0,99.71,96.956,97.05714285714285,98.71833333333332,100.0
7,Chhattisgarh,4.24,4.05,4.14,6.09,4.73,5.42,14.82,14.89,14.86,9.170961538461539,7.116250000000001,7.9714,1.45,1.38,1.42,4.09,3.51,3.8,24.1,22.72,23.41,0.52,2.13,1.55,3.08,2.74,2.91,6.47,5.22,5.85,22.62,19.92,21.26,1.37,4.14,2.76,15.8,11.4,13.6,12.2,10.3,11.3,5.9,4.9,5.4,11.0,10.1,10.5,8.8,7.3,8.1,4.9,4.5,4.7,13.2,11.7,12.4,11.7,9.6,10.7,6.9,5.9,6.4,14.9,13.1,14.0,13.0,10.7,11.9,9.0,7.3,8.1,15.3,14.0,14.6,15.0,12.5,13.8,9.3,8.3,8.8,15.7,14.6,15.1,15.6,13.8,14.7,9.5,9.1,9.3,104.06,103.93,103.99,100.35,101.1,100.72,96.68,99.32,97.99,58.27,56.16,57.23,100.17,99.87,100.02,101.62,103.08,102.33,89.44,94.48,91.93,53.89,54.11,54.0,103.3,102.85,103.08,100.87,101.59,101.23,100.3,103.38,101.82,64.1,62.57,63.34,64.7,70.3,60.5,66.0,80.6,84.0,80.95,89.68,97.8,84.17,95.93,97.07,88.79,96.67,94.76,100.0,82.85,72.4,93.95,99.31,77.3,95.26,99.43,89.22,63.14,84.24,52.63,76.06,98.49,97.29,100.0,99.31,100.0,99.81,100.0,84.31,97.67,100.0,98.5,2.64,36.63,72.35,13.04,39.24,59.14,16.55,17.77,28.2,66.67,9.8,3.3,41.44,76.93,14.7,47.39,64.96,20.5,25.11,41.2,14.29,11.88,3.02,43.42,79.3,14.72,50.0,65.37,20.86,26.11,45.83,40.0,12.7,95.51,98.32,99.9,94.82,97.05,99.55,96.61,86.71,95.75,86.96,95.47,96.95,98.55,99.8,96.95,98.88,99.24,97.48,89.87,97.03,100.0,97.03,99.03,98.91,99.82,99.47,100.0,99.81,100.0,91.69,98.62,100.0,99.06,49.75,84.67,98.22,62.85,86.5,93.68,65.82,47.25,84.33,43.48,57.28,60.51,88.83,98.92,72.18,89.93,96.02,75.38,55.21,86.54,47.62,66.88,66.51,90.56,99.35,76.94,89.82,95.74,81.69,65.58,93.13,80.0,72.66,93.1,96.9,98.71,95.39,98.17,99.32,96.87,98.41,100.0,100.0,94.1,91.02,97.87,99.51,94.08,98.8,99.43,95.78,68.09,88.86,52.38,92.0,99.16,99.61,100.0,99.67,100.0,99.81,100.0,86.61,98.68,100.0,99.16
8,D & N Haveli,2.6475,0.47,3.045,2.59,4.3,3.38,26.34,22.0,24.41,13.34,4.81,9.65,1.05,2.17,1.57,3.31,5.09,4.13,30.02,26.83,28.59,7.07,5.33,6.24,1.6,1.31,1.47,3.7,4.4,4.02,18.19,15.08,16.77,13.45,4.77,9.47,3.5,3.9,3.6,2.3,4.4,3.3,1.9,1.1,1.5,6.4,6.4,6.4,6.5,5.8,6.2,2.9,0.9,1.9,5.7,7.1,6.2,5.8,6.9,6.3,3.5,1.4,2.4,6.9,8.3,7.4,19.0,19.3,19.2,5.1,3.7,4.4,7.7,9.5,8.3,18.0,26.1,21.5,6.8,4.3,5.5,7.8,11.3,9.1,17.3,30.4,22.9,7.6,5.7,6.6,89.5,81.89,85.78,100.76,91.43,96.22,87.79,79.08,83.66,37.77,41.99,39.64,84.69,80.21,82.53,93.71,87.97,90.96,91.56,85.17,88.57,45.29,52.6,48.49,85.41,78.78,82.18,97.19,88.36,92.91,91.14,84.65,88.07,35.57,40.39,37.7,57.6,76.2,49.3,64.1,84.4,89.8,79.56,93.39,100.0,94.84166666666664,100.0,90.0,97.718,91.83030303030304,100.0,100.0,85.53,92.05,98.43,100.0,97.92166666666668,100.0,100.0,97.43,100.0,100.0,100.0,95.34,100.0,100.0,100.0,99.48166666666668,100.0,100.0,99.7525,100.0,100.0,100.0,100.0,8.84,66.94,100.0,100.0,100.0,100.0,81.49,54.55,91.67,60.816,38.19,7.39,69.29,100.0,100.0,100.0,100.0,76.8175,72.73,100.0,83.046,40.12,11.86,68.75,100.0,100.0,100.0,100.0,79.5,81.82,100.0,87.7825,42.65,100.0,100.0,100.0,100.0,100.0,100.0,99.122,100.0,100.0,100.0,100.0,100.0,100.0,100.0,100.0,100.0,100.0,98.8175,100.0,100.0,100.0,100.0,100.0,100.0,100.0,100.0,100.0,100.0,99.6775,100.0,100.0,100.0,100.0,93.92,100.0,100.0,100.0,100.0,100.0,95.52,100.0,100.0,100.0,96.79,97.16,100.0,100.0,100.0,100.0,100.0,95.9725,100.0,100.0,100.0,98.55,100.0,100.0,100.0,100.0,100.0,100.0,98.0225,100.0,100.0,100.0,100.0,91.71,98.35,100.0,100.0,100.0,90.0,99.352,96.45848484848484,100.0,100.0,94.36,98.3,100.0,100.0,100.0,100.0,100.0,98.615,100.0,100.0,100.0,99.13,100.0,100.0,100.0,100.0,100.0,100.0,99.765,100.0,100.0,100.0,100.0
9,Daman & Diu,2.6475,2.45,3.045,2.012,5.3874999999999975,3.006,10.84,12.25,11.52,6.21,5.1000000000000005,1.26,1.06,0.59,0.85,3.42,3.72,3.56,19.46,20.33,19.86,14.48,4.89,9.86,1.8,0.29,1.11,3.14,3.07,3.11,34.45,29.73,32.27,44.38,36.05,40.48,2.7,5.6,3.5,11.1,23.0,16.1,10.7,5.3,8.4,3.0,6.2,3.9,11.6,18.5,14.8,17.4,7.5,12.5,3.3,6.9,4.3,16.5,14.3,15.5,16.5,9.5,13.0,3.7,7.9,4.7,13.8,20.1,16.6,15.3,10.9,13.2,4.5,9.5,5.7,22.7,32.1,26.9,15.9,12.1,14.0,4.6,9.2,5.7,23.1,27.7,25.1,15.2,12.6,14.0,87.8,89.78,88.69,84.06,90.61,86.97,67.94,82.2,73.88,34.37,64.55,44.36,79.68,84.95,82.03,74.86,84.64,79.15,67.05,81.44,72.97,16.32,32.27,21.54,83.93,87.37,85.47,80.28,88.11,83.72,68.69,83.61,74.85,28.45,55.97,37.48,78.2,87.1,75.8,81.4,82.3,89.0,100.0,100.0,100.0,100.0,100.0,100.0,100.0,91.83030303030304,100.0,100.0,100.0,100.0,100.0,100.0,100.0,100.0,100.0,97.43,100.0,100.0,100.0,100.0,100.0,100.0,100.0,100.0,100.0,100.0,99.7525,100.0,100.0,100.0,100.0,14.55,88.89,100.0,100.0,100.0,100.0,100.0,100.0,100.0,50.0,61.11,21.67,80.0,100.0,100.0,100.0,100.0,76.8175,92.31,100.0,100.0,66.21,16.95,100.0,100.0,94.74,100.0,100.0,79.5,92.31,100.0,100.0,64.14,100.0,100.0,100.0,100.0,100.0,100.0,100.0,100.0,100.0,100.0,100.0,100.0,100.0,100.0,100.0,100.0,100.0,98.8175,100.0,100.0,100.0,100.0,100.0,100.0,100.0,100.0,100.0,100.0,99.6775,100.0,100.0,100.0,100.0,100.0,100.0,100.0,100.0,100.0,100.0,100.0,100.0,100.0,100.0,100.0,100.0,100.0,100.0,100.0,100.0,100.0,95.9725,100.0,100.0,100.0,100.0,100.0,100.0,100.0,100.0,100.0,100.0,98.0225,100.0,100.0,100.0,100.0,100.0,100.0,100.0,100.0,100.0,100.0,100.0,96.45848484848484,100.0,100.0,100.0,100.0,100.0,100.0,100.0,100.0,100.0,98.615,100.0,100.0,100.0,100.0,100.0,100.0,100.0,100.0,100.0,100.0,99.765,100.0,100.0,100.0,100.0
10,Goa,2.6475000000000004,0.26,3.045,2.012,5.3874999999999975,3.006,9.49,6.26,7.96,16.01,5.8,11.26,0.08,0.33,0.2,3.18,4.8,3.623333333333333,11.68,7.19,9.58,18.21,8.38,13.36,0.63,0.84,0.73,2.8816666666666664,0.21,0.07,14.15,7.68,11.15,18.27,9.39,13.91,31.0,35.8,33.2,26.4,24.1,25.2,100.0,100.0,100.0,21.5,25.9,23.5,21.0,24.5,22.7,11.8,13.6,12.7,19.8,31.0,24.9,23.7,25.1,24.4,13.2,16.9,15.0,21.8,31.8,26.4,24.8,27.8,26.3,16.1,20.6,18.3,25.2,30.7,27.7,31.4,26.8,29.2,15.9,22.0,18.9,25.0,30.9,27.6,27.7,26.7,27.2,17.3,24.1,20.6,104.97,105.32,105.14,106.29,105.16,105.76,110.77,102.14,106.66,68.32,72.36,70.24,100.89,104.45,102.57,96.83,100.93,98.74,103.03,105.44,104.16,70.79,81.59,75.84,103.03,105.01,103.97,99.23,101.26,100.19,118.56,108.13,113.63,73.68,82.57,77.88,82.0,88.7,79.7,86.6,84.4,90.0,82.78,96.55,100.0,88.89,100.0,96.6,96.82,91.83030303030304,100.0,100.0,87.07,86.83,90.91,100.0,100.0,100.0,98.77,99.07,99.55,99.115,98.75,90.85,100.0,100.0,100.0,100.0,100.0,100.0,100.0,100.0,99.57833333333332,100.0,100.0,12.02,89.66,100.0,83.33,100.0,99.35,100.0,73.99600000000002,85.39,81.58,40.63,13.62,81.82,100.0,83.33,100.0,97.11,99.08,78.78800000000003,91.445,92.94,43.51,13.87,82.19,100.0,84.62,100.0,100.0,100.0,83.80199999999998,92.84,95.56,44.72,99.61,100.0,100.0,100.0,100.0,100.0,99.55,99.964,99.89166666666668,100.0,98.61,99.6,100.0,100.0,100.0,100.0,97.11,98.62,99.934,99.90166666666666,100.0,99.23,100.0,100.0,100.0,100.0,100.0,100.0,100.0,100.0,99.89666666666666,100.0,100.0,98.83,100.0,100.0,100.0,100.0,100.0,100.0,96.576,98.94,100.0,98.17,98.69,100.0,100.0,100.0,100.0,97.11,99.08,97.134,99.275,100.0,98.72,99.79,100.0,100.0,100.0,100.0,100.0,100.0,100.0,99.24,100.0,99.87,97.75,96.55,100.0,100.0,100.0,100.0,100.0,96.45848484848484,100.0,100.0,98.31,99.09,100.0,100.0,100.0,100.0,100.0,100.0,98.89,99.62333333333332,100.0,99.42,100.0,100.0,100.0,100.0,100.0,100.0,100.0,100.0,99.56333333333332,100.0,100.0
11,Gujarat,0.21,1.35,0.74,2.75,8.19,5.2,13.96,12.95,13.55,0.58,0.3,0.46,0.5,1.06,0.76,3.52,8.04,5.55,22.85,19.81,21.61,9.06,6.18,7.83,0.82,0.98,0.89,4.65,8.54,6.41,26.29,23.24,25.04,8.4,5.26,7.04,23.5,18.8,21.3,19.8,15.6,17.8,11.3,9.3,10.3,18.1,14.7,16.5,18.3,15.1,16.8,9.5,8.7,9.1,20.2,16.2,18.3,22.6,17.8,20.4,11.4,10.5,11.0,21.5,17.2,19.5,25.3,21.5,23.5,12.5,11.8,12.2,22.2,17.5,20.0,26.1,21.8,24.1,13.3,13.0,13.2,22.9,18.3,20.7,27.7,23.1,25.5,13.4,13.0,13.2,100.32,102.06,101.13,91.82,89.72,90.86,81.8,65.93,74.5,53.06,43.25,48.51,95.64,99.11,97.24,94.7,96.99,95.73,80.26,66.82,74.13,45.17,41.42,43.43,97.57,100.07,98.72,93.63,93.47,93.56,80.82,66.67,74.34,47.44,42.02,44.93,69.1,78.0,61.3,71.7,81.8,86.3,95.57,98.5,100.0,99.32,100.0,99.59,98.65,91.83030303030304,100.0,100.0,97.77,97.09,98.96,100.0,99.85,100.0,99.85,93.86,98.71,99.86,99.29,98.63,99.86,99.88,100.0,100.0,100.0,100.0,100.0,99.59,100.0,99.72,99.87,24.74,90.44,96.98,75.23,92.27,93.98,84.82,65.19,74.75,56.36,72.08,28.28,90.99,97.15,79.08,86.47,93.74,52.0,76.47,86.88,73.54,75.22,28.11,90.76,96.94,80.74,91.82,92.21,52.41,79.39,89.73,77.22,75.5,99.97,99.99,100.0,99.85,100.0,100.0,100.0,99.92,100.0,99.85,99.97,99.74,99.94,100.0,100.0,100.0,100.0,98.67,99.72,100.0,99.87,99.88,99.97,99.94,100.0,100.0,100.0,100.0,100.0,99.94,100.0,99.87,99.95,99.33,99.86,100.0,99.85,100.0,100.0,100.0,99.44,99.97,99.7,99.72,99.27,99.87,100.0,100.0,99.52,100.0,97.33,99.64,99.97,99.73,99.72,99.23,99.86,100.0,100.0,100.0,100.0,100.0,99.74,100.0,100.0,99.73,99.5,99.88,99.93,99.83,100.0,100.0,100.0,96.45848484848484,100.0,100.0,99.78,99.66,99.91,100.0,99.86,100.0,99.85,95.83,99.27,99.92,99.45,99.79,99.95,99.97,100.0,100.0,100.0,100.0,100.0,99.85,99.95,99.72,99.95
12,Haryana,1.48,1.06,1.29,0.18,0.8,0.46,8.22,9.93,8.98,11.309999999999995,7.511666666666668,9.611666666666666,0.22,0.63,0.41,1.97,3.25,2.55,11.92,13.27,12.51,1.41,3.16,2.18,5.54,5.69,5.61,5.5,6.18,5.81,16.35,15.3,15.89,6.24,5.12,5.75,27.2,20.7,24.1,16.5,11.5,14.2,44.35,44.6,44.475,28.3,27.7,28.0,18.3,16.6,17.5,22.425,21.0,21.725000000000005,28.8,26.6,27.8,18.5,15.7,17.2,24.625,24.20000000000001,24.45,28.8,25.9,27.5,18.9,15.8,17.5,23.100000000000005,22.5,22.850000000000005,27.6,27.5,27.6,18.6,16.9,17.9,27.7,26.675,27.225000000000005,25.9,26.4,26.1,17.3,16.7,17.0,28.7,26.5,27.625,96.62,100.57,98.39,91.24,98.01,94.17,88.83,82.92,86.21,72.84,65.43,69.55,89.96,93.21,91.41,87.39,99.22,92.39,84.2,84.23,84.22,59.68,59.48,59.59,95.92,99.61,97.57,91.96,101.5,96.03,85.66,82.47,84.25,67.76,63.29,65.78,67.9,75.6,63.2,71.4,79.2,83.1,95.73,99.79,99.81,90.71,97.41,99.89,96.14,95.45,94.52,90.55428571428571,96.53,94.26,99.85,99.86,89.15,97.23,99.74,95.66,94.048,75.0,100.0,95.67,99.15,100.0,99.91,99.54,99.88,99.9,99.68,98.39399999999999,84.78,100.0,99.49,7.43,74.87,94.8,27.69,97.39,86.07,94.06,54.4,28.21,48.18400000000001,44.12,7.47,77.03,95.74,28.75,96.9,87.93,95.0,40.5825,37.5,100.0,46.04,7.85,77.72,96.01,30.58,97.09,88.58,95.82,40.944,45.65,100.0,46.93,99.8,100.0,100.0,99.76,100.0,100.0,100.0,94.488,94.87,94.21666666666668,99.87,99.63,100.0,100.0,99.5,100.0,100.0,99.86,93.676,89.58,100.0,99.75,99.85,100.0,100.0,100.0,99.95,100.0,100.0,96.588,89.13,100.0,99.91,98.87,99.58,100.0,96.0,99.78,99.68,99.74,74.586,82.05,92.82833333333332,98.89,98.61,99.7,100.0,95.7,99.79,99.79,99.37,77.78399999999998,75.0,100.0,98.74,98.7,99.96,100.0,96.53,99.79,100.0,99.58,78.658,91.3,100.0,98.97,97.58,99.95,99.95,94.54,98.92,99.95,99.21,96.36,97.26,90.89,98.1,97.4,99.9,100.0,94.43,99.09,99.95,99.63,93.77,76.09,100.0,98.05,99.37,100.0,100.0,99.5,99.72,100.0,99.93,96.956,84.78,100.0,99.6
13,Himachal Pradesh,0.51,0.39,0.45,0.52,0.49,0.51,8.35,8.4,8.37,10.25,7.64,9.02,0.57,0.34,0.46,0.6,0.98,0.78,9.32,8.83,9.09,8.44,5.54,7.07,0.46,0.83,0.64,0.5,1.27,0.87,6.31,5.8,6.07,9.02,5.57,7.41,25.9,26.0,26.0,13.5,13.9,13.7,29.6,29.7,29.6,24.6,25.1,24.8,13.9,13.9,13.9,19.0,19.6,19.3,25.3,26.3,25.8,14.6,14.1,14.3,21.4,20.3,20.9,29.8,28.8,29.3,15.5,16.1,15.8,22.3,22.9,22.6,29.2,33.3,31.2,18.8,19.7,19.2,27.6,27.2,27.4,29.6,35.5,32.5,20.0,22.3,21.1,30.8,32.7,31.8,99.8,101.27,100.49,101.57,102.04,101.79,122.77,117.53,120.31,96.15,96.11,96.13,97.97,99.73,98.8,103.37,105.47,104.36,108.44,105.53,107.08,94.58,96.6,95.53,98.52,100.44,99.43,102.25,104.04,103.09,119.04,112.29,115.87,101.69,99.31,100.58,76.5,82.8,75.1,81.9,88.9,91.1,93.43,98.47,99.83,92.27,98.22,99.83,97.93,95.45,94.52,90.55428571428571,94.48,95.01,98.97,99.82,92.12,98.69,99.85,98.33,100.0,100.0,100.0,95.63,99.68,99.75,100.0,99.25,100.0,100.0,100.0,100.0,100.0,100.0,99.7,3.75,82.75,94.83,14.38,81.13,92.28,50.0,100.0,60.0,33.33,22.49,4.3,80.51,95.58,15.85,82.56,93.88,42.82,40.5825,100.0,50.0,23.85,4.71,80.58,95.75,18.71,88.19,94.88,53.51,50.0,100.0,66.67,26.0,98.95,100.0,100.0,98.24,99.86,100.0,99.4,100.0,100.0,100.0,99.06,98.95,99.87,100.0,98.05,100.0,100.0,99.76,100.0,100.0,100.0,99.08,99.89,100.0,100.0,99.44,100.0,100.0,100.0,100.0,100.0,100.0,99.86,94.76,97.91,99.83,88.25,99.57,99.66,98.1,100.0,100.0,100.0,94.9,93.99,97.95,99.82,85.79,99.55,99.85,97.76,100.0,100.0,100.0,94.22,96.13,99.0,99.82,89.68,99.82,99.85,99.1,100.0,100.0,100.0,96.24,97.01,99.72,100.0,94.88,99.48,99.83,99.05,96.36,97.26,90.89,97.32,97.64,99.74,100.0,93.96,99.48,99.85,99.29,100.0,100.0,100.0,97.67,99.85,100.0,100.0,99.3,100.0,100.0,100.0,100.0,100.0,100.0,99.82
14,Jammu & Kashmir,6.8,5.75,6.3,5.51,5.52,5.52,16.79,17.96,17.33,11.69,9.36,10.66,5.53,5.37,5.46,3.86,4.8,4.3,14.7,16.14,15.36,8.8,6.2,7.64,6.98,6.59,6.79,4.98,5.95,5.44,16.97,17.65,17.28,13.85,11.2,12.65,17.0,16.7,16.8,6.4,6.4,6.4,5.6,2.4,4.1,21.8,24.0,22.8,8.9,12.1,10.5,8.0,5.8,6.9,24.2,27.1,25.6,13.3,17.5,15.4,9.4,6.9,8.2,24.5,26.7,25.6,14.5,17.4,15.9,9.9,8.8,9.4,24.1,25.5,24.8,15.0,18.4,16.6,10.6,8.7,9.7,23.5,26.2,24.8,13.6,17.9,15.7,10.2,8.8,9.5,84.03,85.88,84.9,71.64,73.33,72.43,67.82,63.93,65.97,54.47,47.92,51.33,84.86,87.24,85.98,68.77,71.85,70.2,67.65,65.88,66.81,61.01,55.98,58.6,85.06,87.0,85.97,69.82,72.11,70.89,67.66,64.77,66.29,62.31,56.08,59.33,55.5,67.2,49.8,63.2,71.9,77.1,60.05,76.65,93.69,77.5,86.0,87.51,93.89,95.45,94.52,90.55428571428571,69.56,60.16,79.66,96.53,81.08,94.57,91.1,93.53,96.3,94.47,100.0,71.54,87.9,95.91,98.74,97.14,97.85,97.54,98.41,100.0,99.26,100.0,92.14,3.6,18.94,87.03,8.82,71.43,54.55,32.58,35.29,72.49,66.67,16.73,3.74,19.8,89.38,11.19,78.13,55.51,35.22,41.94,78.56,50.0,17.56,4.12,20.62,90.12,11.28,75.79,57.37,36.47,41.18,83.68,50.0,18.32,86.04,92.42,98.8,94.85,97.14,97.48,97.99,94.12,98.69,66.67,89.95,87.17,92.94,99.8,94.03,98.96,98.33,97.54,96.77,97.88,50.0,90.82,89.68,93.78,99.59,94.74,96.84,98.07,96.86,97.06,98.33,50.0,92.35,10.05,22.48,94.21,44.12,79.05,70.0,56.64,41.18,85.37,66.67,23.47,11.67,25.67,96.79,48.51,87.5,75.19,66.75,64.52,89.81,50.0,26.39,16.01,30.77,97.33,51.13,94.74,80.06,72.22,58.82,92.47,50.0,30.97,65.9,85.65,97.98,83.33,98.0,95.08,98.4,96.36,97.26,90.89,76.69,66.22,87.13,99.8,83.33,100.0,96.27,97.66,96.43,96.93,98.28166666666664,77.93,91.66,97.97,99.79,98.43,100.0,99.33,99.74,93.94,100.0,98.71833333333332,95.0
15,Jharkhand,7.36,7.05,7.21,4.99,5.94,5.47,17.84,19.2,18.5,12.735,9.32,11.135,6.89,5.91,6.41,7.19,7.65,7.42,22.99,23.32,23.15,13.485,9.98,11.885,5.91,5.03,5.48,9.01,8.96,8.99,23.45,24.56,24.0,2.72,4.18,3.41,8.8,7.5,8.1,5.7,4.0,4.9,5.9,6.5,6.2,10.2,9.5,9.9,6.5,4.9,5.8,5.3,6.0,5.6,12.2,12.0,12.1,8.6,7.2,7.9,7.0,7.9,7.5,13.8,12.5,13.1,10.1,7.9,9.1,8.0,8.7,8.3,16.0,14.8,15.4,12.1,10.0,11.1,10.0,10.4,10.2,16.2,14.8,15.5,13.1,10.6,11.9,10.2,10.8,10.5,109.57,110.92,110.23,91.7,99.09,95.25,68.67,71.79,70.14,43.91,44.02,43.96,108.56,109.92,109.22,97.75,108.19,102.73,70.7,76.93,73.65,47.75,48.98,48.32,107.77,109.08,108.4,95.81,104.5,99.97,69.35,74.64,71.86,48.37,49.06,48.69,53.6,66.4,45.7,61.1,79.1,82.3,83.93,88.1,96.82,89.74,81.03,90.97,81.15,91.46833333333332,100.0,90.55428571428571,85.67,83.76,89.63,95.8,92.5,79.01,92.37,84.71,82.95,87.36,87.32,86.15,96.07,97.3,98.37,94.94,88.71,98.2,92.34,94.73,96.13,94.93,96.49,3.1,10.89,77.61,24.39,65.48,30.52,45.03,19.67,23.81,24.58,8.94,3.25,12.14,82.92,40.0,65.24,31.59,48.17,27.34,29.03,34.38,9.71,3.48,13.09,82.93,27.07,64.86,32.44,50.15,28.91,30.65,36.02,10.28,88.72,94.68,97.78,95.12,93.57,96.83,95.65,96.69,96.83,96.61,91.35,89.37,95.12,99.17,95.79,92.44,97.2,96.18,96.37,97.85,96.48,91.93,91.75,95.91,99.2,87.97,93.12,97.36,96.45,97.66,97.85,98.08,93.6,7.99,20.3,85.59,29.27,66.43,41.92,54.66,53.39,68.25,75.42,16.35,8.48,23.77,88.15,52.63,66.75,43.57,55.01,58.01,70.43,76.95,17.98,9.3,26.06,88.27,46.62,68.06,45.73,58.49,58.91,72.58,79.31,19.45,85.27,91.01,97.74,92.5,89.14,93.68,88.5,96.46833333333332,100.0,90.89,87.68,84.41,91.3,95.24,91.95,88.37,94.07,90.89,88.24,88.1,88.24,87.32,96.16,97.81,98.37,80.0,94.24,98.78,96.22,94.79,97.21,95.33,96.75
16,Karnataka,3.4,2.51,2.97,4.96,5.15,5.05,40.7,39.07,39.92,19.47,11.26,15.33,2.42,2.21,2.32,2.31,2.73,2.51,28.49,26.57,27.57,10.212,8.716000000000001,9.443999999999999,2.03,2.01,2.02,3.46,4.27,3.85,27.71,24.52,26.18,5.97,3.015,1.96,26.6,24.3,25.5,21.2,18.3,19.8,19.5,16.3,18.0,24.9,22.7,23.8,17.5,14.2,15.8,15.8,12.7,14.3,26.1,24.5,25.4,18.3,15.6,17.0,15.6,12.5,14.1,26.7,25.6,26.2,19.3,16.6,18.0,16.3,14.0,15.1,26.7,26.0,26.4,19.7,18.0,18.8,17.1,14.8,16.0,26.3,25.9,26.1,19.3,18.0,18.7,16.9,15.1,16.1,101.18,100.73,100.96,91.72,91.91,91.81,76.9,78.15,77.49,16.89,20.03,18.39,102.93,103.04,102.98,92.43,94.39,93.37,82.35,84.19,83.22,37.12,42.87,39.86,101.89,101.84,101.86,92.53,93.89,93.18,81.05,82.63,81.8,30.81,35.32,32.96,66.6,75.4,59.3,68.7,80.6,85.8,99.63,99.84,99.27,100.0,100.0,99.42,99.32,99.46,94.44,86.08,99.65,99.64,99.86,99.78,100.0,100.0,100.0,99.83,99.88,99.89,90.05,99.48,98.92,99.82,100.0,100.0,100.0,100.0,100.0,99.87,99.88,93.65,99.3,9.94,40.01,94.92,56.96,89.55,89.17,70.74,67.04,77.72,13.97,35.01,13.2,43.71,96.12,60.24,94.74,86.25,73.54,69.92,78.24,31.38,38.74,13.3,44.75,96.2,63.52,93.22,87.54,75.66,69.32,74.97,37.82,39.53,99.56,99.92,99.76,99.74,100.0,99.25,100.0,99.69,99.78,94.42,99.54,99.75,99.97,99.22,100.0,100.0,99.84,100.0,99.89,99.9,97.87,99.8,99.96,99.99,100.0,100.0,100.0,100.0,99.87,99.99,100.0,98.04,99.91,96.37,98.37,99.03,97.11,98.51,98.49,96.73,94.25,98.1,89.53,96.78,97.05,98.7,99.22,98.59,100.0,99.44,97.63,96.6,99.17,92.04,97.64,96.81,98.81,100.0,98.07,100.0,100.0,99.87,99.99,100.0,93.06,98.12,99.95,99.96,99.64,100.0,100.0,99.96,99.85,99.79,94.44,84.62,99.88,99.83,99.97,99.78,100.0,100.0,99.96,100.0,99.96,100.0,90.38,99.6,99.54,99.97,100.0,100.0,100.0,100.0,100.0,99.95,100.0,93.99,99.59
17,Kerala,2.7425,2.5225,2.6375,2.22,2.96,2.5825,12.31,6.38,9.45,7.564999999999999,5.82,5.7,2.812,2.6260000000000003,2.72,3.03,3.428,3.224,17.3,11.4,14.46,6.95,5.9,6.4,2.7924999999999995,2.805,2.7975,2.855,3.1125,2.9775,14.96,9.52,12.32,1.54,3.015,0.47,18.8,25.1,21.9,10.3,18.1,14.2,17.4,19.1,18.3,17.8,25.6,21.8,12.0,21.8,16.9,12.9,15.0,14.0,18.5,25.8,22.1,12.8,22.8,17.8,12.9,15.2,14.1,21.1,28.7,24.9,14.2,25.8,20.0,13.0,16.2,14.7,24.1,33.3,28.7,14.9,26.5,20.7,12.7,17.3,15.1,26.6,35.0,30.8,16.4,28.5,22.4,13.6,19.2,16.5,95.68,95.15,95.42,98.35,98.32,98.34,103.83,101.12,102.51,85.96,89.27,87.58,95.45,95.44,95.44,94.55,96.28,95.39,102.31,102.58,102.44,72.88,82.44,77.56,95.22,95.0,95.11,96.47,97.34,96.89,103.63,102.82,103.24,73.74,80.13,76.87,90.9,94.0,90.0,93.0,93.2,95.1,95.08,98.11,99.55,98.5,98.96,99.3,98.71,86.24000000000002,95.0375,89.88,96.85,95.03,98.5,99.64,98.02,99.78,99.07,99.69,99.38,99.29,100.0,97.0,96.88,99.14,99.86,98.77,100.0,99.5,100.0,99.34,99.54,100.0,98.16,87.96,96.61,97.23,98.66,99.64,95.54,99.67,59.01333333333334,72.555,75.68,92.63,89.64,97.21,97.87,98.63,99.61,96.4,100.0,100.0,99.77,83.64,93.77,90.95,97.12,98.16,98.93,99.71,96.59,99.73,100.0,99.78,95.38,94.5,98.94,99.88,99.85,99.85,99.85,99.9,100.0,99.06333333333332,99.945,100.0,99.4,99.17,99.97,99.93,100.0,99.9,100.0,99.74,99.4,100.0,100.0,99.56,99.45,99.94,99.79,100.0,99.9,99.83,100.0,99.37,100.0,100.0,99.68,93.57,98.03,99.1,98.66,99.49,98.61,99.35,97.25,99.525,94.59,96.08,94.85,98.85,99.5,99.54,99.61,98.61,99.74,100.0,99.08,98.18,97.01,95.57,98.96,99.51,99.69,99.9,98.75,99.73,100.0,100.0,98.46,97.46,95.49,98.69,100.0,99.09,100.0,99.7,100.0,94.99333333333334,88.62333333333332,90.02250000000002,97.39,96.17,98.71,99.86,99.54,99.79,99.91,100.0,100.0,100.0,100.0,97.79,98.54,99.76,99.86,100.0,99.38,99.83,100.0,98.68,100.0,98.46,99.15
18,Lakshadweep,2.3,2.71,2.5,0.97,5.3875,0.29,6.15,9.17,7.68,2.98,10.65,6.59,1.8266666666666669,2.31,2.0533333333333332,1.16,2.5,1.86,8.48,7.65,8.03,3.03,2.59,2.82,1.855,1.615,1.7466666666666668,2.37,3.18,2.78,8.82,4.96,6.76,3.0,3.21,3.12,18.716666666666672,17.25,17.900000000000006,17.633333333333333,16.75,17.083333333333336,25.966666666666665,22.45000000000001,24.25,6.2,17.5,11.5,16.2,15.866666666666667,16.033333333333335,1.5,4.9,3.2,6.3,17.7,11.8,17.466666666666665,15.083333333333336,16.366666666666667,1.7,5.3,3.5,6.4,18.0,12.0,20.616666666666664,20.133333333333336,20.38333333333333,1.8,5.7,3.7,2.0,6.2,4.0,23.7,23.816666666666666,23.66666666666666,2.2,6.3,4.2,4.1,10.2,7.1,24.066666666666666,24.71666666666667,24.25,2.2,4.7,3.4,83.42,77.76,80.59,100.53,94.14,97.09,119.61,135.39,127.61,110.06,80.91,94.66,77.9,69.9,73.8,92.53,75.67,83.26,105.39,102.06,103.66,93.23,102.35,98.16,78.76,74.21,76.45,96.2,84.74,89.96,117.88,127.89,123.01,91.54,81.15,85.99,86.7,91.8,85.0,91.6,88.6,91.9,100.0,100.0,100.0,100.0,100.0,97.28666666666668,97.718,91.83030303030304,100.0,100.0,100.0,100.0,100.0,100.0,100.0,100.0,99.31833333333331,97.43,99.55,100.0,99.50333333333332,100.0,100.0,100.0,100.0,100.0,100.0,100.0,99.7525,99.86166666666668,100.0,99.866,100.0,100.0,100.0,100.0,100.0,100.0,90.26666666666668,81.49,73.99600000000002,100.0,60.816,100.0,100.0,100.0,100.0,100.0,100.0,89.39333333333332,76.8175,78.788,100.0,83.046,100.0,100.0,100.0,100.0,100.0,100.0,100.0,79.5,83.802,100.0,87.7825,100.0,100.0,100.0,100.0,100.0,100.0,99.875,99.12200000000001,99.964,100.0,99.945,100.0,100.0,100.0,100.0,100.0,100.0,99.26833333333332,98.8175,99.934,100.0,99.96999999999998,100.0,100.0,100.0,100.0,100.0,100.0,100.0,99.6775,99.985,100.0,99.936,100.0,100.0,100.0,100.0,100.0,100.0,97.35833333333332,95.52,96.57600000000001,100.0,99.335,100.0,100.0,100.0,100.0,100.0,100.0,97.01333333333334,95.97249999999998,97.134,100.0,99.55166666666666,100.0,100.0,100.0,100.0,100.0,100.0,100.0,98.0225,97.665,100.0,99.332,100.0,100.0,100.0,100.0,100.0,100.0,98.23,99.352,96.45848484848484,100.0,100.0,100.0,100.0,100.0,100.0,100.0,100.0,99.86833333333334,98.615,98.89,100.0,99.78833333333334,100.0,100.0,100.0,100.0,100.0,100.0,100.0,99.765,99.945,100.0,99.83,100.0
19,Madhya Pradesh,5.75,6.49,6.11,6.79,10.27,8.53,11.16,16.39,13.63,9.170961538461539,7.116250000000001,7.9714,9.91,10.4,10.14,9.88,13.57,11.7,25.21,27.91,26.47,0.52,2.83,1.55,6.48,6.72,6.59,7.78,10.7,9.2,23.71,25.97,24.77,1.37,0.73,2.76,15.1,11.9,13.6,12.3,8.3,10.4,6.2,3.6,4.9,22.0,14.6,18.5,13.7,10.9,12.4,8.4,5.8,7.1,22.7,15.2,19.2,14.1,10.8,12.6,7.0,4.9,5.9,21.6,17.3,19.6,14.8,11.2,13.1,7.9,5.8,6.9,21.6,17.3,19.6,16.2,12.4,14.4,9.1,6.5,7.8,21.1,17.9,19.6,17.0,13.8,15.5,9.8,7.4,8.6,111.85,111.09,111.49,96.04,105.88,100.67,84.15,82.45,83.35,47.27,41.91,44.76,95.35,93.52,94.47,90.49,98.13,94.02,81.54,79.3,80.49,47.04,43.24,45.25,101.94,100.2,101.11,92.69,101.15,96.63,80.99,79.26,80.18,47.75,42.9,45.48,63.7,69.3,57.8,63.9,79.4,82.8,92.34,97.89,98.9,89.54,98.95,99.04,96.36,96.67,94.76,100.0,92.64,88.41,98.92,99.86,87.38,100.0,99.76,100.0,78.4,90.98,88.89,89.68,95.72,99.42,99.95,95.39,100.0,99.78,100.0,91.93,96.94,100.0,96.2,3.33,46.61,80.74,13.04,69.0,72.89,54.24,5.88,18.78,66.67,13.03,3.53,49.5,84.99,13.15,74.24,76.23,57.14,9.86,27.89,60.0,14.58,2.9,51.23,87.7,13.33,75.82,78.94,64.44,14.51,35.78,66.67,15.17,95.78,99.65,99.41,94.61,100.0,99.68,100.0,95.33,97.88,100.0,96.13,95.76,99.77,99.89,94.89,100.0,99.84,100.0,94.8,98.12,100.0,96.23,95.76,99.74,99.95,95.24,100.0,99.93,100.0,96.11,98.71,100.0,96.37,12.89,83.37,93.73,24.51,93.5,92.41,83.05,47.06,74.99,100.0,28.27,11.84,84.03,95.38,23.42,93.89,94.12,87.76,48.02,77.61,80.0,28.29,11.31,85.17,96.15,24.1,95.08,94.98,88.89,52.09,79.93,77.78,28.8,92.84,98.72,99.21,89.36,100.0,99.59,98.25,98.41,100.0,100.0,93.02,88.54,98.89,99.83,87.02,99.01,99.92,100.0,76.63,90.21,90.0,89.59,96.2,99.32,99.95,96.01,100.0,100.0,100.0,93.53,97.34,100.0,96.65
20,Maharashtra,0.88,1.06,0.97,0.89,2.72,1.74,16.61,15.72,16.2,2.55,3.94,3.2,0.51,0.59,0.55,3.18,1.5,0.61,15.04,13.78,14.47,2.85,3.89,3.34,1.26,1.25,1.26,0.89,2.83,1.79,13.11,12.58,12.87,2.02,1.6,1.83,30.7,24.2,27.6,32.7,24.9,28.9,16.2,8.7,12.3,28.1,24.3,26.3,25.7,22.0,23.9,14.2,8.6,11.4,25.0,20.6,22.9,20.6,16.9,18.9,11.3,6.5,8.9,28.3,23.9,26.3,24.4,19.6,22.1,13.7,7.7,10.7,30.0,25.6,27.9,27.6,23.4,25.6,15.7,9.5,12.6,31.9,27.6,29.9,31.9,27.0,29.6,18.1,11.4,14.7,99.93,99.68,99.81,96.93,96.76,96.69,87.5,83.39,85.58,58.87,58.66,58.77,97.86,97.6,97.74,97.44,101.38,99.24,91.97,87.62,89.95,68.74,66.74,67.81,99.0,98.88,98.95,97.94,99.85,98.82,91.08,87.27,89.31,62.85,61.46,62.2,76.9,82.3,70.4,77.0,85.5,88.7,97.87,99.01,98.78,92.96,98.92,98.69,98.26,91.83030303030304,100.0,100.0,98.3,98.83,99.63,100.0,95.0,99.54,99.31,99.38,99.04,99.6,98.98,99.15,98.8,99.6,100.0,98.78,99.73,99.43,99.66,99.58,99.61,99.61,99.21,28.6,69.2,96.11,38.75,96.48,94.48,91.96,82.24,87.32,49.47,52.79,32.52,72.86,96.61,47.75,97.93,94.93,94.64,88.43,93.22,73.75,57.07,35.48,74.64,96.72,77.89,98.3,95.32,95.49,90.49,94.32,78.35,59.65,98.94,99.53,99.83,100.0,99.94,99.94,99.86,99.9,99.9,99.82,99.31,99.42,99.76,100.0,100.0,100.0,100.0,99.97,99.95,100.0,99.95,99.64,99.58,99.82,99.79,100.0,100.0,100.0,99.97,99.97,100.0,99.81,99.74,89.44,96.67,98.14,88.75,98.67,99.17,95.64,91.44,95.63,96.31,92.75,90.75,97.33,99.29,85.59,99.11,99.27,96.87,94.03,97.64,97.58,93.93,90.62,97.29,98.31,89.47,99.31,98.84,97.12,94.58,97.5,96.66,93.94,97.86,99.19,99.83,95.89,99.31,99.55,99.12,96.45848484848484,100.0,100.0,98.46,98.9,99.77,99.86,98.04,99.83,99.83,99.56,99.35,99.7,99.28,99.29,99.06,99.71,100.0,100.0,99.89,99.81,99.82,99.82,99.71,99.43,99.41
21,Manipur,10.24,9.48,9.86,5.48,6.65,6.06,8.16,11.35,9.75,5.96,10.06,7.93,17.27,18.74,18.0,7.48,6.54,7.02,12.35,15.28,13.81,3.3,3.08,3.2,9.5,9.83,9.66,3.61,4.8,4.2,12.94,15.86,14.38,12.036,9.108,10.597999999999999,38.5,33.3,35.9,100.0,100.0,100.0,44.6,34.4,39.5,30.4,29.9,30.2,55.0,54.6,54.8,20.5,18.2,19.4,30.9,29.0,29.9,45.2,45.3,45.3,20.8,18.7,19.8,37.9,37.6,37.7,67.9,56.0,61.9,24.6,25.0,24.8,37.1,34.8,35.9,60.4,46.8,53.5,22.2,19.6,20.9,35.3,33.1,34.2,57.8,47.8,52.8,20.9,18.5,19.7,145.68,152.81,149.15,111.62,115.08,113.31,84.81,83.78,84.3,65.46,58.91,62.18,128.91,132.9,130.85,127.0,132.94,129.89,93.61,92.52,93.07,71.1,64.81,67.95,132.47,136.38,134.37,115.39,122.33,118.77,91.43,89.78,90.62,68.35,62.45,65.39,70.5,76.9,67.3,73.4,79.3,85.4,93.63,95.76,100.0,100.0,100.0,99.56,100.0,91.46833333333332,96.411,90.55428571428571,95.3,91.68,99.77,100.0,100.0,100.0,99.86,100.0,100.0,100.0,100.0,94.93,98.37,99.19,100.0,90.38,100.0,99.86,97.89,94.59,100.0,100.0,98.67,2.13,36.23,96.55,15.87,95.45,82.31,74.83,15.91,80.0,73.58,25.57,1.82,36.6,96.81,24.59,91.3,83.12,73.68,14.63,85.71,79.63,25.23,2.17,41.38,96.0,39.68,95.45,83.29,75.16,30.0,100.0,80.6,27.16,84.35,93.14,98.85,96.83,100.0,98.68,98.68,75.0,100.0,100.0,89.09,83.07,95.1,100.0,96.72,95.65,99.0,98.68,73.17,100.0,100.0,88.58,99.83,99.31,100.0,100.0,100.0,99.15,100.0,97.5,100.0,100.0,99.64,9.53,42.06,93.1,42.86,95.45,75.44,77.48,45.45,95.0,100.0,30.97,9.73,42.42,95.74,44.26,91.3,74.96,77.63,46.34,90.48,100.0,30.66,14.64,61.95,100.0,46.03,95.45,85.98,86.93,40.0,95.24,95.52,39.27,97.26,99.66,100.0,98.41,100.0,99.56,98.68,96.46833333333332,95.72111111111113,90.89,98.17,92.69,99.88,100.0,100.0,100.0,99.71,98.68,97.56,100.0,100.0,95.51,98.27,99.54,100.0,96.83,100.0,100.0,98.04,92.5,100.0,100.0,98.74
22,Meghalaya,11.32,8.96,10.14,8.43,7.34,7.85,27.21,25.02,26.03,8.635714285714286,8.163333333333336,8.831666666666663,11.3,9.39,10.34,6.34,7.28,6.84,25.63,23.99,24.75,11.351666666666668,9.89,10.62,10.35,8.56,9.46,6.77,6.3,6.52,20.8,20.27,20.52,12.036,9.108,10.598,15.3,19.8,17.5,35.3,32.1,33.9,12.9,17.2,15.1,16.3,18.5,17.4,33.5,32.5,33.0,13.6,16.1,14.9,18.6,19.7,19.2,27.7,34.8,31.0,11.5,15.6,13.6,19.7,18.9,19.3,45.4,51.5,48.3,13.7,16.8,15.3,19.8,21.2,20.5,54.9,41.1,48.4,14.9,19.8,17.4,20.4,21.1,20.8,55.3,44.3,50.1,15.7,18.4,17.1,132.89,137.89,135.35,102.24,119.99,110.97,67.09,78.61,72.8,19.56,26.41,22.94,138.75,143.12,140.9,126.0,146.2,135.89,80.73,93.94,87.27,39.77,47.03,43.35,136.19,140.69,138.4,113.28,131.11,122.03,75.12,87.1,81.05,31.95,40.21,36.03,62.6,74.4,56.3,69.9,86.3,90.8,53.74,61.65,95.83,49.55,95.65,88.24,79.02,91.46833333333332,96.411,90.55428571428571,53.71,63.75,71.71,100.0,63.53,97.78,90.53,85.42,62.83,89.47,73.33,64.48,86.48,73.22,96.15,91.42,100.0,92.52,88.89,69.23,93.33,82.82,86.4,2.97,28.57,96.15,15.63,91.25,67.44,53.59,16.78,36.49,20.0,8.98,3.23,36.18,95.65,18.12,87.5,63.16,64.38,24.78,69.77,43.3,10.64,3.54,27.32,89.66,19.8,87.1,66.36,68.21,28.79,64.06,52.27,11.74,61.04,59.4,92.31,57.55,95.0,88.37,81.82,72.39,91.89,80.0,61.76,62.59,63.16,100.0,61.13,97.92,86.32,86.3,71.75,93.02,83.51,63.74,62.16,61.2,100.0,61.39,100.0,86.92,88.74,73.62,92.19,88.07,63.81,13.83,54.14,100.0,35.25,97.5,91.86,84.21,59.71,93.24,86.67,24.49,14.86,60.53,100.0,38.78,95.83,89.47,88.36,62.34,94.19,87.63,26.72,15.61,56.28,100.0,41.15,93.55,90.65,89.4,66.3,95.31,91.48,28.54,50.84,61.65,100.0,46.72,94.59,86.9,79.33,96.46833333333332,95.72111111111113,90.89,50.95,62.63,71.52,100.0,65.16,93.75,88.17,84.25,60.65,82.35,71.13,63.92,84.12,73.63,96.43,89.79,96.77,91.43,88.67,67.24,85.71,81.82,84.29
23,Mizoram,24.27,23.93,24.11,19.35,19.21,19.28,22.18,20.65,21.42,2.91,8.163333333333334,8.831666666666667,12.57,13.38,12.96,6.61,5.39,6.02,20.0,17.37,18.7,11.351666666666668,9.89,10.62,10.17,10.03,10.1,5.46,4.06,4.78,23.02,20.73,21.88,9.0,4.85,6.91,22.0,21.1,21.6,100.0,100.0,100.0,21.4,19.5,20.4,19.6,18.3,19.0,78.4,112.7,90.8,20.0,18.4,19.2,22.4,22.0,22.2,85.5,93.7,88.4,22.5,21.6,22.1,23.7,22.7,23.2,97.3,127.4,108.1,24.4,23.1,23.8,23.5,23.0,23.3,118.3,95.2,109.9,24.1,23.5,23.8,25.2,23.0,24.1,192.6,96.7,158.0,25.6,23.5,24.5,127.88,123.89,125.96,119.38,118.03,118.72,105.92,107.34,106.62,57.97,61.85,59.88,124.91,121.0,122.99,135.9,133.6,134.78,107.26,110.85,109.02,53.57,57.86,55.68,124.8,120.44,122.66,127.63,125.97,126.83,107.22,109.12,108.15,61.94,62.28,62.11,88.8,91.3,81.3,84.1,96.1,97.6,68.62,85.32,100.0,75.39,87.51571428571432,90.84000000000002,88.02714285714285,91.46833333333332,96.411,90.55428571428571,73.27,97.29,88.3,98.25428571428571,99.19,96.25,95.97857142857143,92.41,99.34,89.086,100.0,97.34,97.5,96.92,97.67857142857143,98.12,97.99571428571429,96.98428571428572,94.63428571428572,99.02,93.376,100.0,97.96,9.21,53.92,86.30142857142856,56.86,83.71857142857144,71.07,65.97666666666666,9.97,54.42800000000001,9.73,27.76,8.31,49.87,91.64857142857143,51.83,88.18714285714285,72.66,71.2483333333333,44.75,66.082,27.27,31.9,8.52,48.59,91.33142857142856,52.41,91.92857142857143,73.10000000000002,67.82285714285715,48.94,68.108,31.88,32.81,94.33,93.67,100.0,94.45,91.73857142857142,93.59857142857143,91.98,89.35,89.432,91.15,93.39,90.79,91.6,97.66285714285713,93.4,95.09285714285713,94.74857142857141,93.53285714285713,93.44,83.494,95.45,92.23,91.61,93.32,98.54142857142858,94.03,96.68571428571428,95.94,93.38428571428572,94.63,88.39000000000001,94.93,93.1,61.97,82.03,91.34857142857143,79.26,89.36428571428574,82.54142857142857,73.9914285714286,85.22,91.394,93.81,73.79,64.07,78.37,96.72,78.41,91.20428571428572,82.91428571428571,76.74428571428572,87.38,88.836,94.7,74.56,65.66,80.72,97.92142857142859,81.73,94.94285714285714,86.58857142857143,87.47714285714285,89.92,91.526,94.93,76.86,99.47,99.75,100.0,99.81,94.87285714285713,94.42285714285715,90.83285714285714,96.46833333333332,95.72111111111113,90.89,99.62,99.94,99.24,99.13428571428572,99.91,97.44142857142856,96.67142857142859,94.36,99.67,90.828,100.0,99.82,99.04,99.23,98.79571428571428,99.47,98.79428571428568,97.50857142857141,96.31571428571432,99.51,93.736,99.28,99.27
24,NCT of Delhi,3.741666666666666,3.398333333333333,3.578333333333333,2.1975,0.31,1.508571428571429,6.26,4.21,5.32,18.56,9.6,14.47,3.143333333333333,2.765000000000001,2.961666666666667,3.13,2.37,2.78,10.8,6.64,8.9,20.28,11.45,16.25,4.886666666666666,4.678333333333334,4.784999999999998,0.95,0.55,0.76,13.55,9.8,11.81,20.91,13.15,17.32,35.0,29.8,32.5,11.7,8.7,10.2,44.35,44.6,44.475,38.9,39.0,38.9,19.7,17.0,18.5,22.425,21.0,21.725,38.7,40.8,39.6,22.5,20.6,21.6,24.625,24.2,24.45,41.9,44.6,43.1,25.4,25.0,25.2,23.1,22.5,22.85,42.0,45.4,43.5,26.9,27.5,27.2,27.7,26.675,27.225,43.0,48.2,45.4,30.2,28.6,29.5,28.7,26.5,27.625,108.78,112.95,110.67,117.76,129.5,122.91,102.02,102.86,102.4,98.88,102.3,100.42,108.04,113.93,110.71,118.86,140.55,128.12,103.23,111.27,106.81,73.25,83.6,77.9,109.38,114.61,111.75,118.08,134.62,125.24,101.57,106.03,103.56,89.51,94.23,91.63,81.7,86.2,78.1,81.9,81.9,86.3,100.0,100.0,100.0,100.0,100.0,100.0,100.0,95.45,94.52,90.55428571428571,100.0,100.0,100.0,100.0,100.0,100.0,100.0,100.0,94.048,100.0,100.0,100.0,100.0,100.0,100.0,100.0,100.0,100.0,100.0,98.394,100.0,100.0,100.0,80.55,91.82,86.61,55.26,65.09,93.82,58.46,54.4,46.66833333333334,48.18400000000001,81.56,79.65,92.41,84.91,42.11,63.94,94.38,51.28,40.5825,66.67,59.17833333333334,81.0,80.18,93.81,89.69,31.43,75.78,96.54,64.1,40.944,66.67,100.0,83.89,100.0,100.0,100.0,100.0,100.0,100.0,100.0,94.488,100.0,100.0,100.0,100.0,100.0,100.0,100.0,100.0,100.0,100.0,93.676,100.0,100.0,100.0,100.0,100.0,100.0,100.0,100.0,100.0,100.0,96.588,100.0,100.0,100.0,100.0,100.0,100.0,100.0,100.0,100.0,100.0,74.586,100.0,100.0,100.0,100.0,100.0,100.0,100.0,100.0,100.0,100.0,77.78399999999998,100.0,100.0,100.0,100.0,100.0,100.0,100.0,100.0,100.0,100.0,78.65799999999999,100.0,100.0,100.0,100.0,100.0,100.0,100.0,100.0,100.0,100.0,96.36,97.26,90.89,100.0,100.0,100.0,100.0,100.0,100.0,100.0,100.0,93.77,100.0,100.0,100.0,100.0,100.0,100.0,100.0,100.0,100.0,100.0,96.95599999999996,100.0,100.0,100.0
25,Nagaland,7.11,7.03,7.07,10.15,9.51,9.83,26.7,26.33,26.51,18.67,17.87,18.29,19.09,19.74,19.41,18.08,17.63,17.86,34.14,36.08,35.11,15.36,12.96,14.19,6.18,5.02,5.61,7.87,7.97,7.92,17.98,18.47,18.23,10.36,3.19,6.97,25.8,16.9,21.5,52.82857142857142,47.14285714285713,52.42857142857143,15.9,15.6,15.8,18.2,13.4,15.8,36.86666666666667,41.21666666666668,38.25000000000001,11.7,12.8,12.3,16.6,12.8,14.7,34.35,35.816666666666656,34.86666666666667,12.1,12.6,12.3,16.9,13.9,15.4,43.53333333333335,45.36666666666667,43.68333333333332,12.3,13.8,13.1,15.2,16.1,15.6,50.71666666666666,39.0,45.40000000000001,13.0,14.8,13.9,14.2,15.6,14.9,62.9,39.766666666666666,53.56666666666667,13.5,14.8,14.1,116.66,121.05,118.78,99.06,106.65,102.68,66.33,70.3,68.24,33.65,32.28,32.98,98.14,100.96,99.5,98.55,106.4,102.28,68.9,74.57,71.62,36.42,36.44,36.43,99.32,101.91,100.57,94.3,101.38,97.67,62.33,66.91,64.53,34.13,33.08,33.61,66.6,79.6,62.8,75.3,84.7,89.6,86.38,91.71,98.85,82.77,96.3,95.62,90.45,91.46833333333332,96.411,90.55428571428571,87.88,92.72,97.74,98.96,83.12,100.0,97.79,97.66,91.67,100.0,100.0,94.66,98.66,98.35,99.03,97.44,100.0,98.68,100.0,100.0,100.0,100.0,98.69,4.98,55.35,97.75,59.09,77.78,92.93,86.43,30.88,66.67,25.0,34.96,4.97,38.84,95.92,68.83,81.82,90.85,86.45,41.67,75.0,34.78,35.68,5.53,46.44,98.1,76.92,89.13,91.29,87.71,100.0,66.67,80.95,40.13,69.27,79.41,91.01,59.47,74.07,93.27,79.9,69.12,66.67,91.67,72.33,72.27,83.9,91.84,64.29,84.09,91.48,80.84,66.67,50.0,95.65,78.18,75.81,84.61,94.29,82.05,82.61,93.4,82.12,100.0,66.67,95.24,82.06,18.38,54.55,98.88,39.02,85.19,93.27,72.36,50.0,100.0,95.83,39.06,18.07,40.54,96.94,49.35,84.09,90.85,73.36,33.33,100.0,100.0,40.94,22.85,62.72,99.05,74.36,89.13,90.5,75.42,100.0,100.0,100.0,51.7,97.07,98.66,100.0,93.18,100.0,100.0,98.49,96.46833333333332,95.72111111111113,90.89,97.08,99.02,100.0,100.0,98.7,100.0,99.68,99.53,91.67,100.0,100.0,99.37,99.84,100.0,100.0,97.44,100.0,100.0,100.0,100.0,100.0,100.0,99.89
26,Odisha,3.63,3.49,3.56,4.1,3.52,3.81,50.09,49.62,49.86,12.735,9.32,11.135000000000002,2.83,3.05,2.94,3.11,2.48,2.8,49.39,49.57,49.48,13.485,9.98,11.885,2.91,2.81,2.86,4.11,3.49,3.81,29.74,29.37,29.56,10.65,8.143333333333333,9.483333333333334,18.1,14.1,16.1,10.7,8.2,9.5,6.8,5.2,6.0,18.3,15.0,16.6,10.0,8.4,9.2,7.2,6.0,6.6,18.6,14.1,16.3,11.1,8.6,9.9,7.1,5.5,6.2,18.0,14.8,16.4,11.4,9.6,10.5,7.4,6.0,6.7,19.6,15.9,17.7,13.6,10.7,12.2,8.9,6.9,7.9,21.5,17.8,19.6,16.5,12.9,14.7,10.7,8.2,9.4,107.15,104.48,105.84,86.44,85.95,86.2,74.94,74.63,74.79,55.005,53.44000000000001,54.2675,104.91,102.5,103.73,94.86,93.63,94.26,79.4,79.83,79.61,36.99,36.07,36.54,106.88,104.12,105.53,90.47,89.77,90.13,77.34,76.78,77.06,56.8,56.2625,56.52,63.1,72.9,59.8,70.2,80.8,85.7,76.79,77.05,81.36,77.2,86.67,78.08,73.58,91.46833333333332,100.0,90.55428571428571,76.61,81.58,84.97,92.59,80.5,92.16,86.84,80.33,69.59,91.2475,91.30333333333333,82.45,93.66,95.84,94.74,89.17,98.21,97.03,90.85,91.3,97.605,88.4,93.75,3.91,17.07,80.99,8.24,80.43,36.98,21.12,18.32,51.53666666666667,33.876666666666665,10.58,3.58,18.47,84.96,9.19,83.02,46.18,44.54,39.91,58.48666666666667,45.93000000000001,13.72,3.71,19.44,78.98,9.28,83.33,47.74,46.96,41.13,71.24000000000002,52.61,15.03,95.86,98.14,97.52,96.9,97.83,98.39,98.07,99.5,98.3125,98.17666666666666,96.85,97.15,98.94,100.0,99.06,100.0,98.93,99.26,98.71,99.03,94.98666666666668,98.03,99.28,99.78,100.0,99.47,100.0,99.69,99.62,99.19,99.175,93.95,99.39,13.09,38.44,95.87,32.13,93.48,56.93,63.76,66.34,76.8925,75.72,27.88,13.89,41.16,98.23,33.2,98.11,61.28,67.8,66.09,79.595,77.82666666666667,29.73,15.49,44.79,92.36,35.17,95.0,65.59,70.59,70.16,84.31,86.03,33.03,83.4,90.3,94.12,84.8,93.33,92.0,87.41,96.46833333333332,100.0,90.89,86.0,86.46,92.04,98.2,84.05,96.15,94.72,88.96,89.96,92.0975,92.14,88.34,97.44,98.58,96.77,91.27,100.0,97.87,94.84,93.88,97.95,92.83,97.06
27,Puducherry,0.25,0.43,0.34,0.33,1.05,0.68,18.49,11.72,15.21,6.79,3.87,5.25,0.76,0.57,0.66,0.37,0.83,0.6,18.22,10.02,14.24,13.24,9.28,11.16,0.36,0.38,0.37,0.44,0.69,0.56,14.94,9.36,12.19,5.4,3.69,4.5,32.6,29.9,31.2,28.9,23.2,26.0,24.75,17.425,20.95,40.4,36.3,38.3,31.3,26.6,28.8,23.575,19.0,21.25,46.6,41.8,44.1,32.9,28.0,30.4,24.26,17.48,20.8,51.1,44.3,47.7,37.6,29.3,33.4,24.82,19.08,21.9,47.7,44.2,46.0,36.1,32.1,34.1,27.32,21.1,24.16,44.2,42.1,43.2,33.2,31.7,32.5,26.7,22.02,24.34,89.53,95.38,92.29,92.38,98.13,95.08,97.82,104.63,101.01,64.15,84.18,73.5,80.2,90.23,84.79,82.41,92.57,87.04,83.59,95.38,88.95,64.74,86.95,74.8,84.49,92.4,88.16,86.87,94.02,90.18,90.28,101.94,95.66,61.25,82.15,70.87,81.2,85.8,74.0,80.1,84.8,88.5,100.0,100.0,100.0,84.0925,100.0,99.37,100.0,86.24000000000002,100.0,100.0,99.85,99.64,100.0,100.0,100.0,100.0,100.0,100.0,92.452,100.0,100.0,99.86,100.0,100.0,100.0,100.0,100.0,100.0,100.0,99.8025,100.0,100.0,100.0,98.56,94.74,100.0,69.8,98.11,95.6,100.0,59.01333333333334,100.0,100.0,97.62,98.25,96.84,100.0,100.0,98.08,95.65,100.0,76.806,100.0,100.0,97.81,99.28,97.67,100.0,100.0,100.0,96.99,100.0,77.38499999999998,100.0,100.0,98.77,100.0,100.0,100.0,97.625,100.0,100.0,100.0,99.06333333333332,100.0,100.0,100.0,99.65,100.0,100.0,100.0,100.0,99.38,100.0,98.682,100.0,100.0,99.73,100.0,100.0,100.0,100.0,100.0,100.0,100.0,99.84,100.0,100.0,100.0,100.0,100.0,100.0,98.1625,100.0,100.0,100.0,97.25,100.0,100.0,100.0,100.0,100.0,100.0,100.0,100.0,100.0,100.0,98.03,100.0,100.0,100.0,100.0,100.0,100.0,100.0,100.0,100.0,100.0,97.8225,100.0,100.0,100.0,100.0,100.0,100.0,94.415,100.0,100.0,100.0,94.99333333333334,100.0,100.0,100.0,100.0,100.0,100.0,99.908,100.0,100.0,100.0,99.346,100.0,100.0,100.0,100.0,100.0,100.0,100.0,100.0,100.0,100.0,99.6575,100.0,100.0,100.0
28,Punjab,1.99,1.98,1.99,2.58,3.04,2.78,9.4,10.3,9.8,9.69,6.53,8.28,1.35,1.21,1.29,2.52,3.27,2.85,8.93,8.71,8.83,7.87,3.2,5.81,2.89,3.25,3.05,2.95,3.55,3.22,9.22,8.39,8.86,7.52,3.67,5.83,23.6,14.5,19.4,8.1,6.4,7.3,44.35,44.6,44.475,22.4,23.6,23.0,8.0,8.8,8.4,22.425,21.0,21.725,22.5,25.6,23.9,9.6,10.5,10.0,24.625,24.2,24.45,23.6,27.4,25.4,12.6,13.0,12.8,23.1,22.5,22.85,26.0,28.4,27.1,14.5,15.1,14.8,27.7,26.675000000000004,27.225000000000005,25.8,28.5,27.0,17.7,18.4,18.0,28.7,26.5,27.625,104.33,107.2,105.61,94.04,97.03,95.34,87.67,84.74,86.39,72.12,71.37,71.79,99.87,103.99,101.7,95.01,102.92,98.38,87.12,86.97,87.06,69.03,71.69,70.19,103.4,107.26,105.11,94.56,99.69,96.77,85.72,85.42,85.59,68.61,70.38,69.39,69.7,75.8,64.7,71.4,79.1,83.2,96.02,97.58,99.37,96.22,99.07,98.99,98.27,95.45,94.52,90.55428571428571,97.04,96.3,98.37,99.47,96.99,98.57,99.48,97.97,100.0,78.26,94.67,97.35,99.62,99.22,99.65,99.54,99.68,99.78,99.78,100.0,96.67,98.08,99.6,10.64,83.96,97.2,93.48,100.0,95.34,99.84,100.0,64.71,53.42,51.97,10.29,84.88,98.06,95.36,99.83,96.53,99.84,80.0,78.85,73.53,52.48,9.23,87.18,98.65,94.97,99.77,97.16,99.84,66.67,87.3,83.92,52.83,99.78,99.93,99.87,99.58,100.0,99.96,99.95,100.0,100.0,98.63,99.77,99.95,100.0,100.0,100.0,100.0,99.96,100.0,100.0,100.0,100.0,99.97,99.99,99.92,100.0,100.0,100.0,99.96,100.0,100.0,100.0,100.0,99.98,99.93,99.71,99.87,100.0,100.0,99.82,100.0,100.0,100.0,98.63,99.86,99.86,99.85,99.96,99.69,100.0,99.96,100.0,100.0,100.0,100.0,99.88,99.94,99.77,99.96,100.0,100.0,99.96,100.0,100.0,100.0,100.0,99.94,96.51,98.88,99.83,98.23,99.68,99.43,99.35,96.36,97.26,90.89,97.81,98.76,99.23,99.92,98.82,99.26,99.74,99.51,100.0,100.0,98.02,99.08,99.82,99.54,99.96,99.86,99.7,99.96,100.0,100.0,100.0,100.0,99.83
29,Rajasthan,7.2,8.85,7.97,2.86,6.34,4.42,13.06,14.49,13.65,6.944999999999999,5.1000000000000005,5.403333333333332,7.76,9.12,8.39,4.49,7.95,6.03,17.85,20.06,18.77,9.116666666666667,5.21,7.241666666666667,5.02,5.02,5.02,2.54,3.73,3.07,13.54,13.4,13.48,14.92,10.046666666666663,12.641666666666667,20.9,15.2,18.2,13.5,8.5,11.2,15.7,10.3,13.0,20.6,15.5,18.2,14.1,9.3,11.8,15.1,10.1,12.7,21.4,14.8,18.3,15.6,9.5,12.7,15.7,9.0,12.4,21.5,17.8,19.7,16.4,12.5,14.6,17.4,13.1,15.3,21.9,17.9,20.0,16.4,12.7,14.7,17.9,13.6,15.8,21.8,18.5,20.2,16.7,13.4,15.2,16.9,13.5,15.2,102.35,100.6,101.53,86.83,81.94,84.58,85.33,71.02,78.68,60.47,44.51,53.03,101.27,99.48,100.43,91.46,91.21,91.34,81.15,70.12,76.06,66.09,51.59,59.31,99.82,97.31,98.64,87.43,83.85,85.79,82.67,68.62,76.16,63.85,48.02,56.46,60.4,66.1,55.3,61.4,76.2,79.7,93.99,97.98,99.41,87.88,96.67,98.84,94.86,91.83030303030304,100.0,100.0,96.03,94.68,98.71,98.0,92.68,97.03,97.98,97.41,100.0,95.23,100.0,96.91,98.97,99.29,99.46,98.11,99.5,99.32,99.35,100.0,97.86,99.866,99.19,4.51,28.78,70.33,72.31,67.62,53.79,30.67,68.0,58.6,66.67,23.47,5.29,31.02,69.82,81.57,76.9,50.58,61.55,64.0,68.57,75.0,28.6,5.91,32.75,65.61,78.51,79.34,56.17,70.1,75.0,72.99,87.78250000000001,30.11,93.58,98.57,99.79,99.59,99.13,99.31,96.2,100.0,99.45,100.0,96.31,94.43,98.69,99.39,99.54,98.98,98.5,98.01,100.0,99.41,100.0,97.08,94.35,98.21,98.73,93.42,98.98,98.94,98.74,100.0,99.38,99.936,96.84,22.56,68.04,93.49,88.43,96.33,84.98,81.96,92.0,98.04,100.0,52.06,19.05,69.76,93.96,96.77,96.76,85.7,90.61,92.0,98.04,100.0,55.28,19.84,72.31,92.72,89.47,97.02,88.24,94.97,91.67,97.94,99.332,56.68,96.07,99.59,99.84,99.15,99.13,99.83,97.64,96.45848484848484,100.0,100.0,97.87,95.58,99.67,99.64,99.06,98.49,99.53,99.07,95.83,98.12,100.0,98.03,99.4,99.88,99.87,100.0,98.88,99.89,99.24,100.0,97.72,99.83,99.67
30,Sikkim,4.78,2.31,3.6,2.6,3.64,3.15,9.93,8.64,9.23,11.79,4.92,8.1,5.55,3.49,4.57,6.35,3.98,5.14,13.74,12.14,12.89,14.11,11.92,12.91,3.75,0.62,2.27,2.07,1.08,1.57,17.58,14.39,15.89,12.48,11.17,11.76,26.0,22.2,24.2,12.4,11.3,11.8,16.4,22.2,19.3,28.9,27.4,28.2,28.9,26.8,27.8,15.6,22.4,19.0,21.8,26.9,24.3,18.9,17.3,18.1,13.4,21.8,17.6,26.4,29.3,27.8,31.6,20.2,25.7,17.1,25.8,21.5,28.4,32.4,30.3,34.9,24.6,29.6,19.6,29.3,24.5,36.7,38.5,37.6,36.2,22.5,29.1,20.0,28.8,24.5,128.15,120.58,124.42,132.96,114.98,138.84,90.21,106.65,98.37,54.81,70.6,62.62,107.27,98.32,102.87,143.72,157.85,150.61,113.52,126.14,119.78,60.72,75.88,68.23,116.95,108.05,112.57,133.96,147.67,140.66,104.11,118.51,111.26,60.61,76.66,68.55,68.8,81.4,66.8,78.9,83.9,88.7,96.72,96.42,100.0,100.0,100.0,98.4,100.0,91.46833333333332,96.411,90.55428571428571,97.01,97.9,98.5,98.72,100.0,100.0,98.52,100.0,80.44000000000003,89.08600000000001,88.404,98.19,99.86,99.71,100.0,100.0,100.0,100.0,100.0,87.13199999999998,93.376,93.83833333333332,99.84,29.92,79.4,98.65,50.0,71.43,93.6,65.97666666666666,19.886,54.428000000000004,40.87333333333333,53.33,35.94,82.28,98.77,50.0,83.33,95.56,71.2483333333333,31.83,66.082,42.13400000000001,58.56,36.97,84.93,98.75,50.985714285714295,100.0,96.32,25.0,49.1,68.108,55.864,60.36,96.04,99.1,98.65,100.0,100.0,97.6,100.0,78.832,89.432,93.17333333333332,97.18,96.22,98.5,98.77,100.0,100.0,97.78,100.0,78.36200000000002,83.49399999999999,94.306,97.17,97.59,99.42,100.0,100.0,100.0,100.0,100.0,91.074,88.39,95.94666666666666,98.51,56.69,82.39,98.65,100.0,85.71,89.6,50.0,56.834,91.394,93.66166666666668,69.3,59.16,81.68,97.53,100.0,83.33,88.15,50.0,55.30199999999999,88.83600000000001,93.574,70.72,73.8,94.2,100.0,100.0,100.0,100.0,100.0,72.08800000000002,91.526,94.83666666666666,83.97,98.78,99.7,100.0,100.0,100.0,100.0,100.0,96.46833333333332,95.72111111111113,90.89,99.25,98.27,99.7,100.0,100.0,100.0,99.26,100.0,81.85600000000002,90.82799999999999,88.68799999999996,98.91,99.84,99.71,100.0,100.0,100.0,100.0,100.0,87.45800000000001,93.736,94.00833333333333,99.83
31,Tamil Nadu,4.02,4.1,4.06,0.38,2.13,1.24,14.26,5.86,10.2,1.34,2.33,1.87,0.53,0.39,0.46,4.38,4.67,4.52,16.13,7.99,12.2,4.55,4.35,4.44,2.7924999999999995,2.805,2.7975,2.855,3.1125,2.9775,11.67,4.36,8.1,4.59,2.34,3.41,36.5,29.1,32.9,23.4,19.9,21.7,30.6,17.5,23.7,43.2,36.8,40.0,30.3,26.7,28.5,36.1,29.1,32.5,45.4,38.7,42.0,31.4,28.6,30.0,34.4,21.1,27.6,45.6,40.4,43.0,32.0,30.1,31.0,35.5,21.7,28.4,47.0,43.4,45.2,33.3,33.1,33.2,39.1,25.8,32.3,46.3,42.4,44.3,34.6,34.2,34.4,36.4,27.3,31.8,102.4,102.72,102.56,97.16,99.46,98.27,91.81,93.25,92.5,67.96,84.46,75.87,103.39,104.43,103.89,92.55,95.65,94.03,91.86,96.18,93.92,74.14,90.6,82.03,102.79,103.45,103.11,93.37,95.9,94.58,90.22,93.72,91.89,69.97,85.73,77.52,73.5,80.1,66.2,73.5,82.5,87.0,88.14,95.42,99.67,92.42,93.75,93.5825,89.66499999999998,100.0,100.0,100.0,90.93,98.99,99.63,99.95,98.11,99.9,95.23,91.45,100.0,100.0,100.0,99.29,99.6,99.93,100.0,100.0,99.97,100.0,99.97,100.0,100.0,100.0,99.73,35.51,82.59,98.96,78.13,79.24,87.1225,85.91,50.0,79.17,81.82,54.14,39.86,82.42,99.21,75.65,81.61,83.86,85.05799999999998,66.67,83.33,100.0,57.28,40.14,82.12,99.85,73.39,97.49,98.6,64.72,75.0,88.24,94.74,57.62,100.0,100.0,100.0,100.0,100.0,99.4975,99.005,100.0,100.0,100.0,100.0,99.86,99.95,99.86,99.13,99.36,99.656,99.102,100.0,100.0,100.0,99.81,99.97,99.95,99.77,99.19,100.0,99.78,100.0,100.0,100.0,100.0,99.96,97.21,99.13,99.73,96.88,97.03,98.3225,98.0575,100.0,100.0,100.0,97.69,97.77,99.39,100.0,97.39,99.96,98.674,98.352,100.0,100.0,100.0,98.51,98.59,99.66,99.77,96.77,100.0,99.78,100.0,100.0,100.0,100.0,99.05,95.53,99.56,99.95,96.75,98.41,97.585,97.985,100.0,88.62333333333332,100.0,96.91,99.57,99.94,99.98,100.0,99.88,98.462,99.282,100.0,100.0,100.0,99.71,99.84,99.98,100.0,100.0,100.0,100.0,100.0,100.0,100.0,100.0,99.9
32,Telangana,6.04,5.57,5.81,4.63,4.79,4.71,17.99,16.86,17.43,13.67,13.2,13.43,2.21,1.94,2.08,2.43,2.17,2.3,16.54,14.5,15.53,2.06,3.015,0.77,3.3,3.05,3.18,3.21,3.51,3.36,12.21,13.25,12.72,2.66,5.82,0.35,36.9,29.3,33.1,35.2,29.1,32.2,32.5,21.6,27.0,38.6,32.4,35.5,37.4,33.4,35.4,36.3,25.3,30.8,39.2,33.0,36.1,38.1,34.1,36.1,39.6,27.5,33.5,39.3,33.4,36.3,38.1,34.2,36.1,39.2,28.7,33.9,32.1,24.4,28.4,29.8,21.9,25.9,31.5,16.8,23.8,33.3,26.4,29.9,28.2,22.9,25.6,29.5,19.2,24.2,103.13,102.9,103.02,88.61,90.27,89.41,80.73,84.44,82.53,57.99,64.88,61.32,103.55,103.59,103.57,89.94,91.9,90.89,79.67,85.03,82.25,55.64,61.31,58.33,96.62,96.87,96.74,82.81,84.38,83.57,73.76,76.77,75.2,59.83,60.83,60.3,60.5,67.0,54.5,60.4,76.1,80.1,68.44,78.19,96.97,87.5,92.86,85.65,79.74,82.35,100.0,81.66,73.39,100.0,100.0,100.0,99.75399999999999,100.0,100.0,100.0,99.8025,100.0,100.0,100.0,53.03,62.58,82.05,45.45,64.11,76.24,60.63,59.26,85.71,73.44,56.88,18.17,46.08,88.64,75.0,74.37,72.62,75.16,76.47,20.0,48.03,37.9,9.06,45.75,81.29,77.168,79.27,78.65,73.94,77.38499999999998,100.0,53.67,35.51,12.73,42.72,86.99,45.45,17.07,68.18,73.23,60.0,33.33,19.32,29.57,90.2,97.02,100.0,100.0,91.96,99.5,98.29,94.12,100.0,97.76,93.6,90.19,97.26,100.0,99.838,94.3,99.75,97.69,99.84,100.0,98.18,94.0,86.89,94.53,99.66,90.91,87.26,98.84,96.02,97.5,100.0,97.52,90.35,87.24,94.47,100.0,100.0,74.37,97.72,97.28,100.0,100.0,93.6,91.05,87.27,94.67,99.35,98.906,82.38,97.19,97.92,97.8225,100.0,94.15,91.58,87.66,93.57,99.32,100.0,67.48,96.19,96.15,97.5,100.0,91.27,90.34,89.82,95.16,97.96,100.0,95.94,92.87,97.38,100.0,100.0,81.62,92.1,100.0,100.0,100.0,100.0,100.0,100.0,100.0,99.6575,100.0,100.0,100.0,76.16,89.46,97.2,81.82,68.68,90.68,92.09,85.19,71.43,75.47,81.31
33,Tripura,2.31,2.11,2.22,3.1,3.07,3.08,24.09,26.99,25.5,8.4,9.49,8.87,3.63,3.52,3.58,3.21,2.2,2.72,24.51,25.7,25.09,9.15,9.06,9.11,1.37,1.19,1.28,2.37,1.61,1.99,28.03,28.83,28.42,8.97,8.89,8.93,16.0,11.0,13.6,11.7,8.4,10.1,7.9,4.9,6.3,14.6,10.2,12.4,12.6,8.5,10.6,8.3,4.8,6.4,16.6,11.7,14.1,14.4,9.7,12.1,10.2,6.3,8.1,17.9,12.9,15.4,1.6,1.1,1.4,1.1,0.7,0.9,20.2,13.5,16.8,19.8,11.2,15.5,13.9,7.6,10.5,19.9,14.0,16.9,18.0,11.3,14.6,12.9,9.1,10.9,112.7,113.95,113.31,113.2,114.9,114.03,117.14,116.87,117.01,44.79,36.85,40.99,107.58,108.36,107.96,125.75,130.33,127.97,116.17,120.91,118.49,45.24,41.53,43.46,109.5,110.49,109.98,118.8,122.38,120.54,119.81,121.36,120.57,46.48,40.05,43.4,73.2,87.2,69.7,84.9,89.2,93.5,92.31,94.81,73.19,50.0,77.97,89.32,83.33,91.46833333333332,96.41099999999996,90.55428571428571,91.15,99.14,99.92,98.76,100.0,100.0,100.0,100.0,80.44000000000003,89.08600000000001,88.404,99.44,99.57,99.92,99.11,100.0,100.0,100.0,100.0,87.13199999999998,93.376,93.83833333333334,99.69,3.59,4.33,59.63,50.0,71.64,27.3,50.0,19.886,54.428000000000004,40.87333333333333,11.4,4.36,5.06,84.15,100.0,91.18,35.81,60.0,31.830000000000005,66.082,42.13400000000001,15.11,4.52,5.95,84.55,100.0,91.18,34.91,70.0,49.10000000000001,68.108,55.864,15.65,83.0,88.2,75.16,50.0,82.09,88.48,90.0,78.832,89.432,93.17333333333332,84.48,84.74,89.87,99.09,100.0,100.0,98.62,100.0,78.362,83.494,94.306,88.98,85.51,91.75,99.13,100.0,100.0,97.98,90.0,91.07399999999998,88.39,95.94666666666664,89.84,13.03,11.17,75.47,50.0,82.09,73.4,80.0,56.834,91.394,93.66166666666666,24.94,13.62,13.45,99.09,100.0,98.53,78.89,80.0,55.30199999999999,88.83600000000001,93.57399999999998,28.58,14.72,15.46,98.54,100.0,98.53,76.56,90.0,72.08800000000002,91.52599999999998,94.83666666666667,29.77,87.79,95.04,76.18,50.0,85.71,89.88,80.0,96.46833333333332,95.72111111111113,90.89,89.13,99.77,100.0,100.0,100.0,100.0,100.0,100.0,81.85600000000002,90.82799999999999,88.68799999999996,99.88,99.73,100.0,100.0,100.0,100.0,100.0,100.0,87.458,93.736,94.00833333333333,99.86
34,Uttar Pradesh,10.53,10.03,10.28,2.1975,3.1,1.06,9.665,10.208333333333334,9.91333333333333,11.31,7.511666666666666,9.611666666666666,7.91,6.21,7.08,2.0828571428571427,2.43,0.53,7.26,7.35,7.3,8.61,6.34,8.371666666666668,9.08,8.04,8.58,0.78,4.61,2.7,9.89,10.6,10.22,1.79,2.45,2.1,15.2,17.4,16.3,11.2,12.4,11.7,100.0,100.0,100.0,17.5,17.2,17.4,12.6,13.2,12.9,23.6,17.2,20.5,18.8,20.4,19.5,15.2,17.3,16.1,25.2,23.6,24.4,20.4,23.0,21.6,16.8,19.6,18.1,27.7,24.9,26.4,24.5,25.5,25.0,20.2,21.0,20.6,33.0,28.1,30.6,24.2,24.9,24.5,20.3,20.7,20.5,33.5,27.7,30.6,93.34,99.88,96.41,67.32,80.11,73.17,66.52,65.79,66.18,62.54,59.91,61.27,88.63,96.16,92.15,68.24,83.49,75.08,67.65,67.86,67.75,62.21,59.26,60.78,91.54,98.93,95.0,68.14,82.28,74.54,67.85,67.73,67.79,65.36,62.01,63.75,56.3,67.7,52.5,65.5,69.8,75.1,97.18,98.66,95.4,97.31,97.66,97.79,98.47,95.45,94.52,90.55428571428571,97.25,98.36,99.5,99.6,98.39,99.45,99.43,99.53,98.49,99.53,100.0,98.5,99.74,99.92,99.52,99.74,99.78,99.89,99.89,98.82,99.81,92.31,99.74,5.53,25.63,49.98,14.75,53.22,32.81,22.71,9.37,15.36,37.5,11.12,6.43,27.71,55.9,16.64,56.17,36.18,25.27,15.5,22.12,20.0,12.72,6.67,29.88,56.49,17.15,56.03,36.18,26.81,16.23,24.11,28.57,13.31,98.83,99.67,96.76,96.87,99.02,97.85,99.62,97.03,98.74,100.0,98.17,98.85,99.8,99.73,97.36,99.96,99.89,99.81,97.35,99.96,100.0,98.57,98.93,99.86,99.73,97.72,99.93,99.9,99.86,97.79,99.96,92.86,98.73,48.32,70.54,81.93,49.24,80.96,77.6,70.84,69.88,83.93,91.67,52.19,49.64,71.85,85.29,50.49,81.93,75.92,72.22,70.39,83.97,90.0,53.59,50.11,73.41,85.78,51.05,82.14,77.89,74.38,70.21,83.82,50.0,54.26,98.65,99.46,96.3,98.77,98.53,98.15,99.35,96.36,97.26,90.89,98.66,98.59,99.73,99.68,98.6,99.7,99.66,99.66,98.69,99.71,100.0,98.72,99.8,99.93,99.56,99.83,99.87,99.89,99.89,98.96,99.88,92.31,99.8
35,Uttarakhand,1.14,1.18,1.16,2.1975,1.0,0.13,8.97,10.45,9.68,1.35,1.85,1.59,3.28,2.83,3.07,1.78,1.57,1.68,9.85,7.44,8.7,0.23,6.339999999999999,8.371666666666668,4.37,3.67,4.04,0.79,1.62,1.19,11.26,9.46,10.4,3.4,2.61,3.01,26.1,29.6,27.8,17.5,18.0,17.7,42.2,46.3,44.2,30.1,32.3,31.1,17.1,17.2,17.2,39.1,41.4,40.2,32.6,34.0,33.3,21.1,20.2,20.7,42.5,46.0,44.3,32.7,34.9,33.8,23.2,23.7,23.5,32.5,33.4,33.0,34.9,32.8,33.9,22.5,20.3,21.4,39.6,42.7,41.2,33.6,32.9,33.3,23.8,23.2,23.5,40.3,36.8,38.6,99.98,101.3,100.6,85.23,87.5,86.52,89.26,87.01,88.18,76.29,76.34,76.31,98.87,99.76,99.29,85.84,88.07,86.89,85.71,85.73,85.72,73.36,78.54,75.83,100.11,101.02,100.54,84.2,87.03,85.53,90.99,89.65,90.35,79.82,80.95,80.36,71.6,78.8,68.1,76.3,81.4,84.5,94.2,95.51,98.3,94.27,98.2,97.79,96.8,95.45000000000002,94.52,90.55428571428571,94.71,96.31,97.39,98.64,96.58,98.81,98.63,97.72,75.45,93.2,100.0,96.46,97.18,98.29,99.57,97.09,99.11,99.38,98.2,93.15,98.13,100.0,97.43,12.78,77.16,94.2,57.03,93.63,90.07,66.4,27.34,39.24,50.0,31.97,13.17,76.76,94.78,57.34,94.39,92.72,67.08,24.89,48.25,61.54,32.97,12.86,78.03,96.51,57.33,94.0,92.07,65.7,30.64,56.03,73.33,33.54,95.85,99.14,100.0,94.5,96.1,100.0,93.42,81.29,92.41,100.0,95.72,95.28,99.13,99.78,93.9,96.11,100.0,93.53,74.26,83.33,100.0,95.14,96.25,98.99,100.0,95.16,98.06,100.0,96.65,88.09,94.83,100.0,96.43,68.32,88.88,98.14,79.87,96.17,96.45,84.75,61.87,83.54,100.0,74.21,71.88,89.83,98.48,81.35,96.68,98.01,85.16,54.01,77.19,100.0,76.95,73.55,91.79,99.18,82.11,96.56,98.78,86.26,64.26,82.76,100.0,78.64,95.39,98.01,99.77,96.71,97.76,100.0,97.68,96.36,97.26,90.89,96.06,95.43,98.91,99.78,97.14,98.03,100.0,97.29,73.73,88.39,91.67,95.97,96.71,98.99,100.0,97.68,98.02,100.0,98.41,91.88,94.74,100.0,97.18
36,West Bengal,6.88,5.71,6.3,6.29,4.16,5.18,14.95,19.41,17.3,7.81,8.49,8.13,3.44,2.37,2.91,5.63,3.1,4.31,16.73,19.77,18.34,8.03,7.76,7.9,2.13,0.79,1.47,5.84,2.88,4.3,16.33,19.06,17.8,8.18,8.04,8.11,13.8,10.9,12.4,7.8,5.8,6.9,7.3,4.8,6.0,15.4,11.8,13.6,10.2,7.6,9.0,7.7,5.3,6.4,17.1,13.2,15.1,11.8,8.7,10.3,8.7,6.0,7.3,18.2,14.4,16.3,13.4,10.2,11.9,10.2,7.3,8.7,19.1,15.8,17.4,14.4,11.2,12.8,11.4,8.1,9.7,19.1,16.2,17.7,14.2,11.5,12.8,10.6,8.4,9.5,103.16,104.88,104.0,92.84,106.87,99.64,68.62,81.34,74.82,47.38,48.96,48.13,103.13,104.26,103.68,97.9,112.64,105.0,74.92,92.65,83.56,48.98,54.36,51.54,101.78,102.91,102.33,96.16,110.67,103.17,70.67,86.05,78.17,48.27,51.82,49.95,68.6,76.3,63.4,72.1,81.2,84.8,80.34,74.9,78.99,78.71,97.04,88.1,94.33,91.46833333333332,100.0,90.55428571428571,81.42,89.45,80.43,80.73,87.89,99.37,94.04,97.97,76.4833333333333,100.0,100.0,89.93,97.53,92.44,93.38,98.86,99.83,95.43,99.64,92.34,100.0,100.0,97.7,3.94,34.84,67.19,7.93,74.34,54.02,42.04,18.586666666666666,51.53666666666667,54.55,10.77,4.55,39.79,70.27,9.32,78.72,61.28,49.07,30.09,58.48666666666667,66.67,12.13,4.69,41.56,75.71,9.97,79.93,63.91,50.49,31.410000000000004,100.0,66.67,12.67,97.81,95.94,98.07,95.07,99.69,98.85,99.3,100.0,100.0,100.0,97.75,98.0,96.2,96.56,95.49,99.7,98.99,99.32,97.7,100.0,91.67,97.93,98.43,97.22,100.0,96.92,99.75,99.17,99.28,98.32666666666668,100.0,100.0,98.42,36.48,77.26,92.11,31.77,97.07,86.97,91.14,100.0,100.0,90.91,42.76,52.52,79.66,91.75,45.63,98.16,90.91,93.59,52.99333333333333,100.0,91.67,56.96,73.64,83.39,96.84,55.24,98.58,90.63,95.4,56.71,100.0,91.67,74.88,80.02,86.4,96.24,83.5,99.25,94.05,98.64,96.46833333333332,100.0,90.89,82.08,91.69,89.91,96.13,91.98,99.74,95.82,99.33,87.19999999999996,100.0,100.0,92.42,98.1,94.78,98.35,99.02,99.97,96.5,100.0,93.52333333333334,100.0,100.0,98.29
